7.756165662925383619e-02,-3.059536057163781200e-02,4.457119049506072517e-02,-5.476942240364167380e-02,5.168879264148595193e-02,-3.539934614394475015e-02,1.910639954865041984e-02,-6.529198521016545131e-02,2.840695675467128090e-02,-2.054459034103954876e-02,1.550848148115444546e-02,3.658196544254276039e-02,-1.144045972496492494e-02,-7.251738293245469334e-03,-2.588208158624739907e-02
6.967630366785682039e-02,-2.765008857255961752e-02,3.856317528704596154e-02,-5.198564987404803023e-02,4.905978389485540075e-02,-3.477538716098885901e-02,1.904612618531934323e-02,-6.608650304374547035e-02,2.812066267710622292e-02,-2.040602703951298336e-02,2.082984823712344391e-02,3.368994506692959967e-02,-9.900190809309719620e-03,-1.022102396874920160e-02,-2.728327305053412921e-02
6.088528762482420253e-02,-2.389549448017280059e-02,3.185217966974215886e-02,-4.900766813742349348e-02,4.618101651083694748e-02,-3.283248290471893482e-02,1.844710147436222358e-02,-6.609593804339530809e-02,2.821408831496996505e-02,-2.015636711117602120e-02,2.586534910915527785e-02,3.086695572339337446e-02,-8.498543544159242735e-03,-1.318222146574882236e-02,-2.865603031398905598e-02
5.350967741794965260e-02,-2.139233234383029758e-02,2.623488667821832765e-02,-4.612206017096939781e-02,4.360684855258720183e-02,-3.239127013577786096e-02,1.850081470767514502e-02,-6.682546239992082082e-02,2.782923046935512068e-02,-2.006745738516993449e-02,3.116214623603473857e-02,2.789751108514093580e-02,-6.942063427404721043e-03,-1.621602729021354161e-02,-3.007807901397242106e-02
4.637196300816143202e-02,-1.904765023787428901e-02,2.081869541501629728e-02,-4.334390908033858292e-02,4.107636226092056808e-02,-3.224554668171439320e-02,1.866113644644634695e-02,-6.774313370501372500e-02,2.733565458150375230e-02,-2.000783265075795070e-02,3.650619371894475718e-02,2.494742850098374820e-02,-5.348059195264820431e-03,-1.922646838531960611e-02,-3.150121406506731225e-02
3.926875600332430105e-02,-1.676081457167742650e-02,1.548206849380540095e-02,-4.061505332793047263e-02,3.855335256453051862e-02,-3.218734108917133130e-02,1.884071719006674694e-02,-6.876209350302198153e-02,2.678882576080510169e-02,-1.995907832805254856e-02,4.188839134977961898e-02,2.202964907692083266e-02,-3.740404215286319278e-03,-2.222830319999974380e-02,-3.291288234221179804e-02
3.216554899848572679e-02,-1.447397890547980071e-02,1.014544157259361645e-02,-3.788619757552186273e-02,3.603034286813922016e-02,-3.212913549662851920e-02,1.902029793368711919e-02,-6.978105330103040460e-02,2.624199694010681538e-02,-1.991032400534720193e-02,4.727058898061511916e-02,1.911186965285821548e-02,-2.132749235307485058e-03,-2.523013801467935413e-02,-3.432455061935626994e-02
2.504762536716209631e-02,-1.217799976827514674e-02,4.773375506083935016e-03,-3.513231056631856142e-02,3.349404599829505780e-02,-3.206730783585937106e-02,1.917627129065335723e-02,-7.078820646454588028e-02,2.567681647556641078e-02,-1.986861918226279222e-02,5.266938372627816278e-02,1.620069339505109118e-02,-5.249205786074934155e-04,-2.823634517662848911e-02,-3.573180346067687807e-02
1.729988369167401868e-02,-9.671850785739899425e-03,-7.243710042805495686e-04,-3.232241833978283241e-02,3.109652731248024882e-02,-3.160457719668793852e-02,1.937194784228092603e-02,-7.136949161408273623e-02,2.534957142231054894e-02,-1.980976614197603458e-02,5.793774653543681818e-02,1.327647597238804100e-02,1.028362382134103553e-03,-3.126391110018118119e-02,-3.712093996214451547e-02
9.718060472481887535e-03,-7.228511028949891060e-03,-6.300397557746861832e-03,-2.950524055480811814e-02,2.853287338906223408e-02,-3.116119898574026825e-02,1.943339540216931782e-02,-7.209941126753105500e-02,2.495627047085041683e-02,-1.970640783332683332e-02,6.328240118045508344e-02,1.037716003202110264e-02,2.565515928282604413e-03,-3.429279480717346146e-02,-3.851574387150578233e-02
2.176169268232330811e-03,-4.805313255443477427e-03,-1.198999979157069906e-02,-2.666404357405766784e-02,2.582336521016515007e-02,-3.065540967510649306e-02,1.935963049915043199e-02,-7.289355547132359003e-02,2.453953286962030217e-02,-1.955507487756535934e-02,6.868258818585259995e-02,7.502225056634104043e-03,4.074955641795953952e-03,-3.732827804110426528e-02,-3.991180671282404391e-02
-6.616396245995637138e-03,-1.750920719517164159e-03,-1.866943642050902796e-02,-2.384822284825022232e-02,2.275743060615070812e-02,-2.947141051038210113e-02,1.909431201921935051e-02,-7.323130460064146419e-02,2.461680691080375682e-02,-1.926489428074640298e-02,7.405349994947818537e-02,4.613716330758942281e-03,5.475566794708651604e-03,-4.037996966487549660e-02,-4.128273225939756846e-02
-1.590208945511855515e-02,1.735399247463159655e-03,-2.569050271754660941e-02,-2.094512882348455174e-02,1.966097308587054504e-02,-2.775329642289581233e-02,1.872707853087633711e-02,-7.325071534562360709e-02,2.499174858406494337e-02,-1.895374827728513178e-02,7.930650781451277498e-02,1.700106191708028848e-03,6.812244375465607675e-03,-4.340362174588699440e-02,-4.264116873629913290e-02
-2.499049013072057734e-02,5.041834899433828010e-03,-3.236486337436042526e-02,-1.790924174175478889e-02,1.678029267182490347e-02,-2.599932691952688835e-02,1.834672618091293117e-02,-7.321350475245791412e-02,2.522528980963362200e-02,-1.868356626856280955e-02,8.452093964873715060e-02,-1.201192404261596219e-03,8.144122085612348974e-03,-4.644842512205747675e-02,-4.399235047102332402e-02
-3.489441016654948324e-02,9.065642848369991069e-03,-4.007955063752366431e-02,-1.498968436599024123e-02,1.348509804332789774e-02,-2.403266687866745244e-02,1.766959910178667048e-02,-7.325938415110971880e-02,2.560910349402779895e-02,-1.826179724012091249e-02,8.983018962045907774e-02,-4.063391327254829537e-03,9.457713460694978230e-03,-4.948551301022340032e-02,-4.534105840963288669e-02
-4.473506211575799946e-02,1.316476585081852169e-02,-4.790157277277437564e-02,-1.216283796436069820e-02,1.017888027619312519e-02,-2.220110373944300663e-02,1.699460283348114276e-02,-7.357403281392518868e-02,2.597813673410124743e-02,-1.781592544643477438e-02,9.519430401106264428e-02,-6.914631706145205753e-03,1.078869128342222795e-02,-5.245966442744494362e-02,-4.671007866595654201e-02
-5.457571406496602995e-02,1.726388885326696210e-02,-5.572359490802525350e-02,-9.335991562730988624e-03,6.872662509058324876e-03,-2.036954060021892166e-02,1.631960656517486563e-02,-7.388868147674065856e-02,2.634716997417469939e-02,-1.737005365274868485e-02,1.005584184016662941e-01,-9.765872085035558550e-03,1.211966910614947594e-02,-5.543381584466647999e-02,-4.807909892228019039e-02
-6.434365451706128280e-02,2.128268887716866509e-02,-6.344872861493913718e-02,-6.602675104566857467e-03,3.567101534019068154e-03,-1.855971937114510306e-02,1.570988651458638322e-02,-7.417155821056245490e-02,2.670961502821361105e-02,-1.696860725344161852e-02,1.059346382726136376e-01,-1.264818594254971465e-02,1.350809528895430614e-02,-5.838220307971502682e-02,-4.944892516737696420e-02
-7.428499163351615087e-02,2.550711795415668004e-02,-7.132369683547851169e-02,-3.699761682547486608e-03,1.658443141579479807e-04,-1.639313665032761380e-02,1.498607277066559169e-02,-7.420929789200313154e-02,2.719704112632626708e-02,-1.653207599239734510e-02,1.112659094805907856e-01,-1.558258695222891968e-02,1.484252579650052577e-02,-6.141046025596381963e-02,-5.080144225682558384e-02
-8.384825719735219951e-02,2.963411998913306755e-02,-7.886153109636129255e-02,-3.097614533082437838e-04,-3.180636762638300308e-03,-1.421984574033127724e-02,1.392919029363485703e-02,-7.411109680349986517e-02,2.761667743350347884e-02,-1.614107014860859113e-02,1.162333863048154309e-01,-1.829981754623986531e-02,1.624893096725961786e-02,-6.437560094074457062e-02,-5.217222526164470853e-02
-9.266060136133794090e-02,3.326378555043185692e-02,-8.548800995539410086e-02,3.088703924864613648e-03,-6.076791378825878442e-03,-1.252959805389152088e-02,1.306193649124282215e-02,-7.419576980669921606e-02,2.765279819806417197e-02,-1.586637236013407545e-02,1.211810398009623979e-01,-2.098771648644959589e-02,1.775360220360690938e-02,-6.735306468752132181e-02,-5.355252507460808026e-02
-1.015820750224654401e-01,3.710506987886907915e-02,-9.212508998931015491e-02,6.403566077422442882e-03,-9.257528334806794379e-03,-1.002274691901421794e-02,1.161348303032595439e-02,-7.373513449660643038e-02,2.777924498448601509e-02,-1.531432791952255443e-02,1.260299747707182005e-01,-2.361451324126794329e-02,1.920921570988424684e-02,-7.036330682843465467e-02,-5.491663350724668158e-02
-1.115738110966734697e-01,4.154389832124244508e-02,-9.946950822970884731e-02,9.921392101075917833e-03,-1.269335441212388928e-02,-6.536271894351604675e-03,9.790770075641998596e-03,-7.249961996195246339e-02,2.827850742939571824e-02,-1.460315120142433899e-02,1.307316841101308913e-01,-2.622285413148021938e-02,2.052549436255818663e-02,-7.345528227642136865e-02,-5.623365469678814899e-02
-1.205481479947927287e-01,4.559897661262200808e-02,-1.064400829963522699e-01,1.328801629504267924e-02,-1.656004872721309265e-02,-3.483620137392011602e-03,7.878660780575801048e-03,-7.163586943062212609e-02,2.850976929836289767e-02,-1.387142234048192521e-02,1.356716563121092289e-01,-2.883283735044357352e-02,2.191264869887200872e-02,-7.653328570803372144e-02,-5.756173011566047271e-02
-1.303095616413144087e-01,5.059778168707701473e-02,-1.140252114897042923e-01,1.672117809427390786e-02,-2.057874582011606779e-02,5.330800539614666007e-04,5.459652110547837112e-03,-7.037265137088320743e-02,2.898068830513802693e-02,-1.296052582624560023e-02,1.405584192807550481e-01,-3.136465890800997636e-02,2.321753420391980960e-02,-7.954080256769122115e-02,-5.887632866895815137e-02
-1.362257849758070349e-01,5.286766039377393395e-02,-1.200100980766406061e-01,2.049804083351564402e-02,-2.558593753864149903e-02,3.858512854883376468e-03,2.676516038076079927e-03,-6.833391020072418498e-02,2.836430151315046805e-02,-1.152100651328334495e-02,1.443048431313969093e-01,-3.344616118441091218e-02,2.378418032694513268e-02,-8.246392333664098739e-02,-6.008646408016630330e-02
-1.303085676413073268e-01,4.732369694450785924e-02,-1.245989587454899988e-01,2.492024053600404646e-02,-3.860844374743959556e-02,6.381018456913162273e-03,-4.911921166902434230e-03,-6.164486840858163924e-02,2.337796038895824033e-02,-5.666164732481884618e-03,1.437815470651658545e-01,-3.355252809426143012e-02,2.138249062671220002e-02,-8.530513093786908085e-02,-6.000615361683624832e-02
-1.078069374707794070e-01,3.599611967445752458e-02,-1.261507704593823331e-01,3.141740210839975150e-02,-6.232229197462517412e-02,6.625179940787514002e-03,-2.116355334315624809e-02,-5.154431519986367449e-02,1.351531762781630654e-02,5.818849738650183623e-03,1.385430132105267553e-01,-2.906360164990539827e-02,1.639503863394790525e-02,-8.818021191348429655e-02,-5.730189846645321328e-02
-6.905390166350602876e-02,1.828109764273675580e-02,-1.222982870701625618e-01,3.892331462433812339e-02,-9.560404121586568715e-02,4.255954439026257349e-03,-4.862374594717187165e-02,-3.752440229399180843e-02,-1.336127096289835801e-03,2.221299406199509635e-02,1.284665775384627451e-01,-1.860770399764818256e-02,8.914667730493869638e-03,-9.101024004384677957e-02,-5.093515883698546132e-02
-2.061950840515307595e-02,-4.574559566521433024e-04,-1.132954242429929786e-01,4.460946921120338693e-02,-1.301410684791641237e-01,-2.726494709289024529e-03,-8.137898915722249771e-02,-2.205852329229812323e-02,-2.081229039744084477e-02,4.135515795649357534e-02,1.144355453644493592e-01,-2.227470613924328532e-03,-9.124280003238807463e-04,-9.344984046493583218e-02,-4.099854369720649927e-02
2.888231774389202547e-02,-1.703267816377783059e-02,-1.004707456416107786e-01,4.664371981050305371e-02,-1.591879719548171257e-01,-9.305545584276025267e-03,-1.145798102921187361e-01,-7.481406863159803522e-03,-4.019809575593974449e-02,6.063622834218193591e-02,9.762910880965038063e-02,1.860015828111709346e-02,-1.183573177714056408e-02,-9.503910502222297219e-02,-2.833948168453594846e-02
7.568273336433843645e-02,-2.862742615286983927e-02,-8.193850889019539674e-02,4.637944809749718067e-02,-1.774468383071298172e-01,-1.467404036126793328e-02,-1.437713281981220781e-01,4.380100877609253117e-03,-5.886934790600743816e-02,7.726404554248082757e-02,7.916781557156747640e-02,4.188223740164744718e-02,-2.262034453933969846e-02,-9.540600876443772194e-02,-1.355256030245979848e-02
1.111602837273219929e-01,-3.471022925479936433e-02,-5.999113275135044970e-02,4.334718201742841781e-02,-1.820737587951423708e-01,-2.103037807074397553e-02,-1.673774833244548177e-01,1.423363679684284434e-02,-7.505326229684888828e-02,8.955355056796876489e-02,6.047804634166630000e-02,6.529203801938085472e-02,-3.348308472463367574e-02,-9.524292681964056928e-02,1.963385816887634142e-03
1.316577406387955396e-01,-3.495600495566657945e-02,-3.770518630550438038e-02,3.728412960552025812e-02,-1.735421193617876778e-01,-2.454425250408443990e-02,-1.817150887028409212e-01,2.185473017180962832e-02,-8.965410685479936748e-02,9.809802726908752046e-02,4.421692021385536381e-02,8.923327595126556711e-02,-4.342491296944064189e-02,-9.445850293540701548e-02,1.804906626995339894e-02
1.361820774684533719e-01,-2.786578608252879632e-02,-1.506935585776902030e-02,2.900772327137121978e-02,-1.529424135102574744e-01,-2.770666265911483211e-02,-1.874242344300408036e-01,2.522479603057264236e-02,-1.009134010825226552e-01,1.029886745829898254e-01,2.975750758230006135e-02,1.125698364710666227e-01,-5.151121222873387279e-02,-9.294680888269860053e-02,3.430366676581041163e-02
1.214558257897508514e-01,-1.595103096825009614e-02,9.958677624993994906e-03,1.949634044760643545e-02,-1.223214072429827520e-01,-2.980352530508873291e-02,-1.828142314098983312e-01,2.675185273533782493e-02,-1.084102588574408638e-01,1.025030671469106813e-01,1.666499375175261449e-02,1.327899011696981879e-01,-5.750247775120705118e-02,-9.026975573500541083e-02,5.043223997105350520e-02
8.945723455384575751e-02,-3.142123347774694922e-04,3.272989826302852290e-02,8.392370041312430598e-03,-8.419608267597077089e-02,-2.935996793394068591e-02,-1.721631116860867228e-01,2.701387551910371110e-02,-1.140076221878472129e-01,9.756905639027103894e-02,4.562929642629869748e-03,1.490228564888752272e-01,-6.155174206726918285e-02,-8.660123145627035557e-02,6.603115069521592329e-02
4.673009107817639729e-02,1.526504620143514027e-02,5.099179399877248192e-02,-1.899487151662871548e-03,-4.176393807499639149e-02,-2.704851949544851211e-02,-1.563305458595734276e-01,2.705744595688598653e-02,-1.145662283883564780e-01,9.058034220592345309e-02,-5.462402302313405095e-03,1.618506403043212249e-01,-6.372948208248252477e-02,-8.191396483494715886e-02,8.073330294530815798e-02
-1.414206198559704586e-03,2.984805977935012580e-02,6.383334669657113325e-02,-1.226367816534109853e-02,9.253247498863017553e-04,-2.307512630334456957e-02,-1.345635475236371392e-01,2.554456343357060580e-02,-1.115121231191315565e-01,8.148620590916866302e-02,-1.427379694753029386e-02,1.699284162673665999e-01,-6.402617449825614981e-02,-7.636248667593538431e-02,9.436427225870533397e-02
-4.674272298027181555e-02,4.170395123694853323e-02,6.571387501591031965e-02,-2.047114143842420839e-02,4.218621602730140974e-02,-1.571466313675225560e-02,-1.064022816518367109e-01,2.330552850528257169e-02,-1.065344169756533288e-01,6.964563755262687117e-02,-2.126061739620231650e-02,1.744932344180939732e-01,-6.262020692004749423e-02,-7.051556957895475930e-02,1.069887330829231986e-01
-8.754136453659794315e-02,5.063246164406357691e-02,5.831515867671185210e-02,-2.609556779110519184e-02,7.849744231964653207e-02,-7.388825860385808512e-03,-7.471934032941027204e-02,2.091104896027309173e-02,-1.004145605012130710e-01,5.542463798541880787e-02,-2.659195865082837965e-02,1.760628845066743164e-01,-6.022889690148808955e-02,-6.441907199224727876e-02,1.186954591143411925e-01
-1.180423153497751482e-01,5.449994200693155516e-02,4.399950237807909864e-02,-2.851985652091403381e-02,1.078034782648384232e-01,4.988825950874103098e-04,-4.140538858011863499e-02,1.876062351565588315e-02,-9.145018512147529144e-02,4.050839701623475814e-02,-3.040120306827613292e-02,1.749797979591408703e-01,-5.740712017438562298e-02,-5.812739500854700175e-02,1.295056174601699195e-01
-1.410152945107767397e-01,5.369106943717349978e-02,2.230373813027968985e-02,-2.583546121192771550e-02,1.295446559017662258e-01,7.973664179715475239e-03,-8.542083604388040277e-03,1.753806932157900983e-02,-7.881731844472125714e-02,2.518642215601827467e-02,-3.188406928267448204e-02,1.713146744263944199e-01,-5.334283760997095281e-02,-5.157578198126117758e-02,1.390855412124705204e-01
-1.535369051595028844e-01,4.852531190179895648e-02,-5.444421535952172903e-03,-1.884262303480549461e-02,1.416961247267127799e-01,1.561319107389461808e-02,2.411313273275680555e-02,1.547295077376207098e-02,-6.333812866921346985e-02,8.391769812244388380e-03,-3.229926202934115670e-02,1.646005573595156479e-01,-4.806546117335329382e-02,-4.507557650878471489e-02,1.474882268154810161e-01
-1.541851325157757024e-01,3.877049726449655759e-02,-3.674836162879682733e-02,-7.745411863876529128e-03,1.428090215548942221e-01,2.268510966864993594e-02,5.499613789669813985e-02,1.267363158185225852e-02,-4.728066178780362255e-02,-8.994423774761572260e-03,-3.188161324971551525e-02,1.550121772960214861e-01,-4.174892492246020520e-02,-3.889008739271008347e-02,1.548691193261082233e-01
-1.403850614646671713e-01,2.581292103638778770e-02,-6.724514759372593464e-02,5.825918296813400489e-03,1.332422681621613647e-01,2.825738682622206885e-02,8.200425318474019454e-02,1.126738869145249740e-02,-3.094344272923053168e-02,-2.762756048414111154e-02,-3.076212249872441878e-02,1.433724339091354827e-01,-3.497531040291802090e-02,-3.257555682645130180e-02,1.614814760839753949e-01
-1.167502407139703879e-01,9.207075375559951522e-03,-9.321325136531755096e-02,1.764355623999041070e-02,1.144774195346129342e-01,3.379744843536221233e-02,1.045884711795890404e-01,9.112280230647746074e-03,-1.392743251679628633e-02,-4.598361100916391331e-02,-2.880640799674793681e-02,1.306196580100914828e-01,-2.797440239607254867e-02,-2.615661415579841054e-02,1.665992230185200373e-01
-8.553600376685371875e-02,-6.083485302308087872e-03,-1.138223660372177787e-01,2.913504502394647505e-02,8.771326758036368521e-02,3.949031033407649632e-02,1.219643695572625447e-01,6.371165951496239252e-03,2.737469317835863718e-03,-6.335296713501560595e-02,-2.607584711411150766e-02,1.169748272140827688e-01,-2.048579440129528681e-02,-1.960868569406302303e-02,1.709610104807362252e-01
-4.716257617628623333e-02,-1.935502235469958518e-02,-1.283167084802672164e-01,3.889593910711299646e-02,5.442101860262891361e-02,4.212132636492679078e-02,1.330531414776289778e-01,4.129815553577031659e-03,1.932258649426789321e-02,-7.943417300431869499e-02,-2.253633016162894659e-02,1.020803759244379161e-01,-1.322910149914120932e-02,-1.347576794861233412e-02,1.747696694813210827e-01
-5.328386528454577033e-03,-3.212746180560948489e-02,-1.345277543287625444e-01,4.575783563215535948e-02,1.923939113709768889e-02,4.209121789774200595e-02,1.380308629970170009e-01,2.020698619634254088e-03,3.557375760228100731e-02,-9.332344649174655060e-02,-1.796169335112303075e-02,8.550575424226575239e-02,-5.606735641941038364e-03,-7.459783525680424750e-03,1.777083794728001875e-01
3.352734218777576880e-02,-3.807233137627972358e-02,-1.336019744009528110e-01,5.136317729139380089e-02,-1.836746898167161690e-02,4.077693193279212369e-02,1.357773653276727055e-01,1.590779274656551907e-03,5.040022050423186711e-02,-1.053341854135321359e-01,-1.250285040918717658e-02,6.802803117768671526e-02,2.280690756703916255e-03,-1.750068615850310007e-03,1.793214694805562726e-01
6.870262449246468395e-02,-3.908761148744544639e-02,-1.241296038805464325e-01,5.564528982294164594e-02,-5.615009203661502912e-02,3.677106835605714608e-02,1.249931153789866078e-01,2.634383647965841697e-03,6.377865182116354559e-02,-1.148746036490868733e-01,-7.423732212215043008e-03,5.038631364375849991e-02,1.058803986995987545e-02,3.398243059178115977e-03,1.793805630777569604e-01
1.008677911516132064e-01,-3.860897539429380965e-02,-1.048296085014273765e-01,5.756586110358607317e-02,-8.954786484716466266e-02,3.090565135375798744e-02,1.087369471018204276e-01,3.123617219661607453e-03,7.505758619200475490e-02,-1.227933663246000145e-01,-2.597961507906853488e-03,3.258436235602985703e-02,1.836373875267809097e-02,9.212341656932899331e-03,1.785584424330253495e-01
1.245374094169002244e-01,-3.484325694634665682e-02,-8.035967852943448619e-02,5.370622410176202621e-02,-1.182495466119895255e-01,2.372356493210569725e-02,8.752607607639352472e-02,5.103258690369884797e-03,8.455302248021573375e-02,-1.270288491551258836e-01,1.957529082154533129e-03,1.484583472977966945e-02,2.554008235724077730e-02,1.477101551763839067e-02,1.769726045382596924e-01
1.325888196505938532e-01,-2.624005826547711265e-02,-5.025251234490533958e-02,4.864012554121763948e-02,-1.401205985497084583e-01,1.579613435436999155e-02,6.191222496351179300e-02,6.895739949070108649e-03,9.315259427702679562e-02,-1.289985317403812559e-01,6.489101554030873853e-03,-3.251871487994113363e-03,3.261422736634919661e-02,1.918956626954299374e-02,1.742792746592820297e-01
1.262508381181033923e-01,-1.514650156113060350e-02,-1.645607753171234033e-02,3.936397003708890646e-02,-1.543168040637338534e-01,6.081602231835679315e-03,3.288461847258414283e-02,8.746025265143342331e-03,9.906827944389680340e-02,-1.273967703305294852e-01,1.197014641217845725e-02,-2.160874507558538382e-02,3.967613225022303958e-02,2.315580832550489382e-02,1.707123993089751934e-01
1.068813333962552597e-01,-6.723656444825103998e-04,1.814061383705295807e-02,3.054185605875096854e-02,-1.612482154602041251e-01,-4.076167379037942858e-03,2.596962709901669535e-03,9.202110774924086162e-03,1.025690644574284160e-01,-1.226605868145506095e-01,1.727119111954700595e-02,-4.007371529618553724e-02,4.612158098488548796e-02,2.681296181255206010e-02,1.668093449360288361e-01
7.553710625489010178e-02,1.443385449824413982e-02,5.308174366572619707e-02,1.961901303798608415e-02,-1.593647316777959400e-01,-1.562970603591598909e-02,-2.884614968200568605e-02,9.735478939159795606e-03,1.017787434213218573e-01,-1.158342527272806510e-01,2.156791205405489756e-02,-5.802680675224800022e-02,5.117698063285863047e-02,3.017960116863910650e-02,1.623221633834956434e-01
3.902442158645515885e-02,2.498905682208377513e-02,8.201594721873048388e-02,7.685554347768613209e-03,-1.483821567833603083e-01,-2.411799712444818306e-02,-5.884632552550066870e-02,1.049714225985182853e-02,9.923210327414908050e-02,-1.071590590442810798e-01,2.506836517117436852e-02,-7.575303162816282576e-02,5.580313378856179701e-02,3.178623345677317191e-02,1.571398910073130428e-01
-4.608791795539720140e-03,3.135261302968080088e-02,1.069204524464165279e-01,-4.819390930665234767e-03,-1.297310612628769233e-01,-3.245088125708980864e-02,-8.816930659009900029e-02,9.823679367437372287e-03,9.402602330917773921e-02,-9.545771450169726613e-02,2.751604987365147831e-02,-9.100701757381403356e-02,6.020517856516972161e-02,3.271018732825296815e-02,1.519351967084407729e-01
-4.650758183534178108e-02,3.548169865701930603e-02,1.215315882974558614e-01,-1.807798490859605783e-02,-1.026911937446882278e-01,-3.941256165705108588e-02,-1.152569645682356009e-01,8.968534057051513048e-03,8.679183497195148977e-02,-7.905405592553031713e-02,3.110711448196340836e-02,-1.038092542373770244e-01,6.369172990427056369e-02,3.372601544271260077e-02,1.462812297472570189e-01
-7.866606092109570958e-02,3.788496505456921681e-02,1.281051479372204427e-01,-3.298832102020449186e-02,-6.631602975916855991e-02,-4.394255979010071311e-02,-1.358270172934352149e-01,7.797458866496957686e-03,7.775875758566883067e-02,-6.155162743311864276e-02,3.396591340728791902e-02,-1.149314752526561650e-01,6.623984991507299303e-02,3.442091342837258483e-02,1.400862468614915146e-01
-1.024339132798005730e-01,3.653200205720379817e-02,1.266616289619426905e-01,-4.566914453544906188e-02,-2.768773424717010240e-02,-4.780760536603120142e-02,-1.491057195063393570e-01,7.634232107584753083e-03,6.586379474720566174e-02,-4.281419792833321414e-02,3.455777347826947260e-02,-1.237005038029873466e-01,6.789870504363400283e-02,3.505683960285179562e-02,1.340083371472606533e-01
-1.174618704266536390e-01,2.737427898056113765e-02,1.185337719593025779e-01,-5.612491749018403558e-02,1.236969617244721223e-02,-4.967236811634275634e-02,-1.566974786136441922e-01,6.297697263923675987e-03,5.106304197514335841e-02,-2.288080825180767441e-02,3.454561227876625645e-02,-1.304858108534281691e-01,6.957958355917873150e-02,3.596357740969733513e-02,1.280365178800453585e-01
-1.223222311737868495e-01,1.843930827755608029e-02,9.932585863909217105e-02,-6.213693386018299958e-02,5.278419694334552520e-02,-4.789855056025769248e-02,-1.592655337809393001e-01,5.274164465823417622e-03,3.738707787187178777e-02,-2.790548845747145828e-03,3.339511094514464179e-02,-1.362895859794410469e-01,7.045996004844651273e-02,3.718557350062249439e-02,1.220638125861688711e-01
-1.116792432896092785e-01,6.414240408954593152e-03,7.497392470576572099e-02,-6.586373729177423531e-02,9.127173459308608738e-02,-4.407643062020026592e-02,-1.540335153752727393e-01,3.687827852939329701e-03,2.223983985052744444e-02,1.676729611379530402e-02,3.224697204490754171e-02,-1.400258117322350782e-01,7.081823739827586284e-02,3.831884908497384251e-02,1.158249159805492673e-01
-9.023669024531645599e-02,-5.276044570700018192e-03,4.358129641138366872e-02,-6.559300653899784173e-02,1.242994931877673265e-01,-3.980243527209312987e-02,-1.440753200257539612e-01,2.745958789268030439e-03,6.726575503506321968e-03,3.748607703352861698e-02,3.072769837247218624e-02,-1.421468106841543011e-01,7.097702009441640703e-02,3.859743111766862633e-02,1.095743372035162116e-01
-6.137876982794373409e-02,-1.753097180700617652e-02,8.290368972763528799e-03,-5.755018107684782558e-02,1.474912725400313318e-01,-3.258533348430567994e-02,-1.296433266215190616e-01,1.092676619754646581e-03,-9.664767266786352881e-03,5.763167332334150073e-02,2.921846487116793248e-02,-1.435267275008699495e-01,6.972894363514310634e-02,3.882142720260075425e-02,1.036856413647554154e-01
-2.935195572090337421e-02,-2.613400269529937009e-02,-2.083482431071106630e-02,-4.897642416946862420e-02,1.642553490809901540e-01,-2.492005944649375304e-02,-1.109267617047776378e-01,6.400688963032600577e-04,-2.479215233055243051e-02,7.708622205388274140e-02,2.737562131292448422e-02,-1.436623039132167712e-01,6.838923013156202046e-02,3.811735258952545641e-02,9.760312366097674552e-02
9.811115408260242046e-03,-3.503200937348086019e-02,-4.846449908738092310e-02,-3.609046748921732051e-02,1.740961469536926043e-01,-1.614571447587808545e-02,-8.845838214371387620e-02,3.894985257243004139e-04,-3.738006540348470103e-02,9.422552366949007996e-02,2.549059084791913468e-02,-1.429371405697030806e-01,6.518212542362029904e-02,3.702622870794194249e-02,9.125040615326948656e-02
5.125657060153742534e-02,-4.227909576949650389e-02,-7.254150729658163932e-02,-2.126554022785721171e-02,1.724205864350155937e-01,-6.901939796470355978e-03,-6.158912994957425890e-02,6.417407460891684382e-04,-5.192522954200397972e-02,1.101631688948838117e-01,2.250850399008074570e-02,-1.400413140346886964e-01,6.208355505545461867e-02,3.561258471499536421e-02,8.479252580332097278e-02
8.661742933813969259e-02,-4.238375136950892769e-02,-9.041778688325791125e-02,-3.551781512608258307e-03,1.596751893945629885e-01,1.301351175100060606e-03,-3.446929981627177425e-02,1.655793354718588508e-03,-6.367338852964005147e-02,1.240516155891299432e-01,1.821278451860360720e-02,-1.370493479979006113e-01,5.937222798605985147e-02,3.466861224622932308e-02,7.871134901122540939e-02
1.183736396028345350e-01,-4.071605344739700344e-02,-1.054960042727202119e-01,1.254404366862548088e-02,1.410777359302314571e-01,9.259452716950108270e-03,-7.036473661153870920e-03,2.274870258710243349e-03,-7.363093433452191916e-02,1.364919531748720882e-01,1.385763935261977858e-02,-1.320912529215914066e-01,5.553301285298939405e-02,3.379600546675684547e-02,7.277521283170142186e-02
1.423260259122875737e-01,-3.588722309363997359e-02,-1.137339346422676090e-01,2.501713541347567668e-02,1.154945468828094679e-01,1.652210662178545467e-02,2.132891824169766415e-02,1.747226104596009749e-03,-8.164406086924896888e-02,1.471902878200879450e-01,9.889607280970087386e-03,-1.260548399219882931e-01,5.229733751366782285e-02,3.215044414032090792e-02,6.656809653204102950e-02
1.484493724626620714e-01,-3.029700468404332783e-02,-1.114200980746214709e-01,3.619026013387066643e-02,8.452153962963757095e-02,2.308964930045015115e-02,4.881171125990196175e-02,6.613064637992453884e-04,-9.020293875867479994e-02,1.548512724519463257e-01,5.821658612189296172e-03,-1.197536550335605160e-01,4.976613333944255452e-02,3.076914254173631832e-02,6.071168574797119327e-02
1.395654662842369387e-01,-2.393031291551792755e-02,-1.025853131746931046e-01,4.476123348242336264e-02,5.132791839405861228e-02,3.031771247439632444e-02,7.551254825956452144e-02,-8.707012759634610508e-04,-9.665895430487310425e-02,1.601430185921508265e-01,2.508967468354742544e-03,-1.125369328448681122e-01,4.775385539777310395e-02,2.956082474640069763e-02,5.511659926252334557e-02
1.228091485076249628e-01,-1.830877397787034067e-02,-8.777831576396609436e-02,4.986208174126985360e-02,1.820274760640067102e-02,3.510108178706372595e-02,1.006268538607504176e-01,-4.296665631491910706e-03,-9.939316475167474241e-02,1.627767396916155185e-01,-4.089192246244146016e-04,-1.044380464307689271e-01,4.509967917505561946e-02,2.846345620438959015e-02,4.933862519837999699e-02
9.163049936942330165e-02,-1.103599800035663485e-02,-6.546892769658353706e-02,5.054294773648586314e-02,-1.476644573054399986e-02,3.749700115124440097e-02,1.214600052475859060e-01,-7.510370913230708656e-03,-1.009842390299022091e-01,1.617762288472491261e-01,-3.234071251948934193e-03,-9.520668484939673326e-02,4.146860714921205004e-02,2.741061804527408427e-02,4.406813317437266453e-02
5.634987715212552706e-02,6.705653761576393533e-04,-3.914836032658668835e-02,4.681919566466308941e-02,-4.525857295956110804e-02,3.918508589465748149e-02,1.383088358042856292e-01,-1.085021791707562085e-02,-1.000294166620861458e-01,1.587101920519999321e-01,-5.823490497907758169e-03,-8.608775350761910250e-02,3.772526692524418718e-02,2.615821026988691261e-02,3.890765571215741569e-02
2.097940845021036352e-02,1.422316839922902441e-02,-8.950044573947818841e-03,4.167669102926312846e-02,-7.109101518812620257e-02,4.096643591134640355e-02,1.494455845411144790e-01,-1.279050704011455708e-02,-9.649773619588168649e-02,1.532388671092909938e-01,-7.076466378758453427e-03,-7.702656943755735452e-02,3.333040896442222845e-02,2.479580406989259980e-02,3.400817594778964004e-02
-1.473457605469669085e-02,2.427848795213964975e-02,2.098729640248842704e-02,3.275859186345961294e-02,-9.347875158454843625e-02,4.069313894888636901e-02,1.570663379896453105e-01,-1.509012005653920414e-02,-9.240322460985993247e-02,1.469413787493537293e-01,-7.317603613621805926e-03,-6.827085966244368642e-02,2.931397060422219134e-02,2.234990945888700592e-02,2.948338156164463653e-02
-4.626618510767395442e-02,3.217564804632363357e-02,4.720208854547697230e-02,2.127628014492339431e-02,-1.125736683018496165e-01,3.642807130238262525e-02,1.599897039444876656e-01,-1.786101762180979449e-02,-8.750303230372973029e-02,1.399379153686621247e-01,-7.532777233461436864e-03,-5.869433955801574287e-02,2.467373536420865501e-02,2.098630848239101468e-02,2.487771892847891533e-02
-7.122084367700250163e-02,3.393844103248088578e-02,7.519240138550943586e-02,6.864640565117240308e-03,-1.262743800125082916e-01,2.947901121127935106e-02,1.596604797475022208e-01,-2.129854957706865323e-02,-8.356275746695100703e-02,1.308302835456469082e-01,-8.437472375759202947e-03,-4.860107352370718337e-02,1.954332452417809757e-02,1.947597177202940386e-02,2.067904739142286882e-02
-9.221096224080284343e-02,3.207662997988471043e-02,1.020973302728803572e-01,-8.016265967698998907e-03,-1.343018300602916160e-01,2.114278361306446904e-02,1.568283993637674123e-01,-2.480722846180987567e-02,-7.879454162652696492e-02,1.193480987723992415e-01,-1.030173097895352441e-02,-3.926456324971094869e-02,1.557328823560530547e-02,1.754831371669799897e-02,1.664166208896387944e-02
-1.052083809769025075e-01,3.074385602523035249e-02,1.258746732080162634e-01,-2.063649517861920052e-02,-1.382575788156568675e-01,1.678091833587372350e-02,1.514619650706181264e-01,-2.526675365810207921e-02,-7.084847220926419886e-02,1.071256672679466310e-01,-1.073581621390287504e-02,-3.012904418333928538e-02,1.232074016873965609e-02,1.600339235430384491e-02,1.226121171308588303e-02
-1.105017240743774581e-01,2.567194244852515073e-02,1.423748871454386389e-01,-3.234508425947446586e-02,-1.357718087717376121e-01,1.124253932967517709e-02,1.440590905517654119e-01,-2.575678658665164766e-02,-6.257304077231605477e-02,9.514207282233769214e-02,-1.061112369436331693e-02,-2.184124847246241355e-02,9.483520234366408716e-03,1.451930480849693630e-02,8.217439016331566301e-03
-1.100403839770189712e-01,1.822416069950693815e-02,1.536799941327504915e-01,-4.503348612785856853e-02,-1.259189386824677848e-01,7.226572139858358085e-03,1.342275871042399316e-01,-2.608108889990922580e-02,-5.383906381451158268e-02,8.428446422781084302e-02,-1.106255196843187669e-02,-1.371957689210216540e-02,6.200931885466711042e-03,1.321760752432549375e-02,4.431527368796829222e-03
-1.046872209279824384e-01,1.113316367698846156e-02,1.594528267465055160e-01,-5.529102407899920413e-02,-1.149408465724165856e-01,3.490086973529606205e-03,1.238025981840905065e-01,-2.798864818946584718e-02,-4.599995333538225983e-02,7.432390786835113561e-02,-1.166310419413183266e-02,-6.247348972212181210e-03,3.268202227824064734e-03,1.181701069354777409e-02,1.231312514465640693e-03
-9.271037724600619812e-02,4.467256218526574618e-03,1.601506304373883915e-01,-6.335990145344931601e-02,-1.007434022677401869e-01,-6.598364440063935171e-04,1.123059808360041406e-01,-3.130671795338666602e-02,-3.714849613065934752e-02,6.275951523360122353e-02,-9.946591053227767099e-03,4.941828094275223151e-04,1.061178985845844924e-03,9.856951075657765723e-03,-1.543983651256572833e-03
-7.091618293126850103e-02,-3.512717040006897370e-03,1.555768186045900781e-01,-7.110057170736554244e-02,-8.422615792387484757e-02,-3.764684108083791829e-03,9.888429378830754235e-02,-3.579804937830408096e-02,-2.970736919946605215e-02,5.110416904233019975e-02,-8.300066685470577910e-03,6.331998570864138219e-03,-9.805171812716998846e-04,8.158907529014408633e-03,-4.349736198537369584e-03
-4.766510179606435471e-02,-1.162333163684643213e-02,1.469411838574952445e-01,-7.313116320257323499e-02,-6.621012523451391685e-02,-6.630529318995707043e-03,8.460738491012656515e-02,-3.801960545788607426e-02,-2.105539036043023796e-02,4.040196531572435440e-02,-6.173913356000081468e-03,1.099062160289025758e-02,-3.206000940607137834e-03,6.630288632190691096e-03,-6.682494962150257664e-03
-2.642812752698551690e-02,-1.826555180982928836e-02,1.365516326771718525e-01,-7.387477029009094365e-02,-4.843749367857132920e-02,-9.921890189263366314e-03,7.293218630842233929e-02,-4.055388991499334073e-02,-1.460782216331089206e-02,3.035608139757857774e-02,-4.555127016627242079e-03,1.579183735828434618e-02,-4.574979093693415724e-03,5.159467282002868152e-03,-9.401160726448273483e-03
-5.952565041287660730e-03,-2.343568000859828568e-02,1.238444842186758044e-01,-7.392458975549678901e-02,-3.143940856949248991e-02,-1.309599667743323315e-02,6.258617497315628608e-02,-4.239490655346975223e-02,-8.304615203881855409e-03,2.190933582482092884e-02,-2.021113240429251324e-03,1.991620687539696552e-02,-5.670597098130804141e-03,3.880635387302803878e-03,-1.201059625558789992e-02
1.344915846241769887e-02,-3.040727825755405039e-02,1.098213418376093736e-01,-7.080200925554346048e-02,-1.472126917967045770e-02,-1.610608301250409172e-02,5.481392072898612355e-02,-4.590245400790823188e-02,-1.260258463198311082e-03,1.425432330459330647e-02,5.008914183999547097e-04,2.398181568545758313e-02,-7.078938141774650944e-03,2.003150456544639316e-03,-1.422796807733229564e-02
3.108099787842432543e-02,-3.670985598488127333e-02,9.593514822191247238e-02,-6.569603974359281007e-02,1.058309653661155050e-03,-2.001487325719861210e-02,4.498288593969124172e-02,-4.853931979810707092e-02,5.213513450611979502e-03,7.371715469515090907e-03,2.923835891102039876e-03,2.732804644690691245e-02,-8.064927571470720952e-03,1.329361986525313575e-04,-1.604480204693961229e-02
4.596008664978142033e-02,-3.887865229705098763e-02,8.410867654169763841e-02,-5.925534911382384501e-02,1.240612454404188200e-02,-2.401642377357168442e-02,3.484185292012194346e-02,-5.101595455651906225e-02,1.214158927305565745e-02,4.556445611598537363e-05,5.485861830986421030e-03,2.982084230141281156e-02,-8.706381896156705283e-03,-1.920520595304215207e-03,-1.782522158462136047e-02
5.678204926103029571e-02,-3.503842453549983749e-02,7.161998918398558567e-02,-5.438990060405761440e-02,2.473500636598578717e-02,-2.843788010108887557e-02,2.891567826188022952e-02,-5.348894758294591573e-02,1.654265718682235847e-02,-5.550394573482191583e-03,8.573615624970162136e-03,3.269353531930511980e-02,-9.759730629717928291e-03,-3.341531113343767980e-03,-1.999942652899186143e-02
6.541136010816227253e-02,-3.528016642669298819e-02,5.752644309528120309e-02,-5.179525356356774052e-02,3.638041821659450392e-02,-3.039365794143588859e-02,2.352387234161198645e-02,-5.730822836616447646e-02,2.184524705305538814e-02,-1.221569780110585632e-02,1.188939217708052595e-02,3.411924980368443577e-02,-1.087511003431175342e-02,-4.915426887305269707e-03,-2.257709345897049302e-02
7.278256421723533487e-02,-3.245328425698532082e-02,4.699940675005342960e-02,-5.174847601321626994e-02,4.548382069249235632e-02,-3.189623398920803099e-02,1.955096328505195186e-02,-6.149119747826031074e-02,2.601121302185103665e-02,-1.779119398119905979e-02,1.527209522105598197e-02,3.503741934107092865e-02,-1.136475907310235609e-02,-7.110493326459470416e-03,-2.511438991146005065e-02
7.756165662925353088e-02,-3.059536057163761771e-02,4.457119049506053782e-02,-5.476942240364150727e-02,5.168879264148570907e-02,-3.539934614394462525e-02,1.910639954865037821e-02,-6.529198521016524315e-02,2.840695675467121151e-02,-2.054459034103953141e-02,1.550848148115439862e-02,3.658196544254279509e-02,-1.144045972496498219e-02,-7.251738293245439844e-03,-2.588208158624741989e-02
7.756165662925362803e-02,-3.059536057163761424e-02,4.457119049506059333e-02,-5.476942240364150033e-02,5.168879264148573682e-02,-3.539934614394459750e-02,1.910639954865034351e-02,-6.529198521016525703e-02,2.840695675467119416e-02,-2.054459034103951406e-02,1.550848148115441597e-02,3.658196544254279509e-02,-1.144045972496497005e-02,-7.251738293245437242e-03,-2.588208158624741989e-02
9.484300258670358419e-02,-5.647163408522625633e-03,5.961682001659709268e-02,-4.632375187509175235e-02,6.092080230903910987e-02,-5.584299220091598626e-03,1.723111050764046526e-02,-5.610320124824204335e-02,3.078826623282802585e-02,-1.924174928916868449e-02,1.995025613227792774e-02,3.558741170053134062e-02,-1.063085206061350173e-02,-8.794750201709111703e-03,-2.656850797028512817e-02
1.093518519571291953e-01,2.091286447780459079e-02,7.496381798083022463e-02,-3.542279076628388618e-02,6.975685927566117883e-02,3.048355540297298730e-02,1.515896725408396283e-02,-4.241464017512218410e-02,3.530360385944713436e-02,-1.850596139457139078e-02,2.399847310457356095e-02,3.420868030598466641e-02,-9.137738684448370660e-03,-1.055841812838407591e-02,-2.733232205904240208e-02
1.111660463380118313e-01,3.140813138102546698e-02,7.965684213990650853e-02,-2.595350377929017335e-02,7.165117544185445331e-02,5.156657562014587554e-02,1.233050554410881038e-02,-2.974440113545654546e-02,3.773078174144245400e-02,-1.727512388119227874e-02,2.472514146902319784e-02,3.136624092560513777e-02,-7.967595414295812126e-03,-1.306627578379411687e-02,-2.844516404459148176e-02
1.070510473704539278e-01,3.624159401912422501e-02,7.911915143014071339e-02,-1.959923559626280606e-02,7.099025648285588186e-02,6.402445043280421966e-02,1.031057085605798472e-02,-1.930788913330220083e-02,3.950757823645081879e-02,-1.598478414243744913e-02,2.398962550623733384e-02,2.800632994832978270e-02,-7.209953401147481400e-03,-1.558902980951050628e-02,-2.954025846279637393e-02
1.020033897257531380e-01,3.891657507898351603e-02,7.785450450699751834e-02,-1.460435947295769636e-02,6.896998619428840183e-02,7.291225554577419887e-02,8.681641054539751545e-03,-9.941514135729159068e-03,4.061173626460593683e-02,-1.469148703205035676e-02,2.289069530702382213e-02,2.474323463853075541e-02,-6.668253037490712645e-03,-1.813227375213706180e-02,-3.062134214260454554e-02
9.530970844807473696e-02,4.085277413015269560e-02,7.534343020398065471e-02,-9.745859436996363520e-03,6.564791095350057393e-02,8.082924776166454384e-02,6.622915290728062336e-03,-5.944292787482092447e-04,4.159769215269722153e-02,-1.335533740360910111e-02,2.131423877986758988e-02,2.162637482255850077e-02,-6.200690958163015097e-03,-2.064405467936327246e-02,-3.169083428108218636e-02
8.843526168707283031e-02,4.189913860556285924e-02,7.266164630903415578e-02,-5.007795320290116259e-03,6.261856532837464795e-02,8.759851112515214255e-02,5.025571357303983654e-03,8.228661139354366549e-03,4.262606751332788380e-02,-1.214717742711084354e-02,1.995507347195870501e-02,1.836243072610271518e-02,-5.695773437322507529e-03,-2.320604995799866940e-02,-3.278847460533786118e-02
8.160799256393559686e-02,4.352663447177507888e-02,7.033286674313067588e-02,-4.369471154511160907e-04,5.950015956617581148e-02,9.522318212113443925e-02,2.889655050058548107e-03,1.760263956864500934e-02,4.383781554979185313e-02,-1.061570466882519326e-02,1.834093223794637170e-02,1.513081412209253684e-02,-5.226760172383673742e-03,-2.562039044225666515e-02,-3.385559318946174817e-02
7.452615425151085105e-02,4.423686681621290251e-02,6.792700722560367221e-02,4.273648470008687902e-03,5.662761708443062036e-02,1.018463674486692339e-01,1.355199545938019908e-03,2.649184038536578703e-02,4.497969159537886646e-02,-9.344661119043232503e-03,1.697223339968038577e-02,1.168364838080206830e-02,-4.777962145682251166e-03,-2.813721252400808517e-02,-3.489941451820617602e-02
6.682181215453192324e-02,4.509812267000024022e-02,6.495984929997995760e-02,8.740391120136964745e-03,5.356225125892990352e-02,1.087834282809335973e-01,-3.955344866409691239e-04,3.571480473101030367e-02,4.602660246239844571e-02,-7.995333657933567303e-03,1.535776147619692146e-02,8.241722629352450299e-03,-4.399592797828826354e-03,-3.064981757457675010e-02,-3.593668865265394613e-02
5.885608764212998945e-02,4.630873921658258674e-02,6.147892368542465236e-02,1.282778121535415802e-02,5.018354832851818631e-02,1.156932332953701237e-01,-2.063346896661616241e-03,4.472532091468541665e-02,4.724792513072312988e-02,-6.498840219063077225e-03,1.396471205439677767e-02,4.766997226986777712e-03,-4.066106289443861994e-03,-3.325738594536631343e-02,-3.694791600445981872e-02
5.135488819649852710e-02,4.648804855013486531e-02,5.837552404641659087e-02,1.695817215465609401e-02,4.707891367177068770e-02,1.211401771982858616e-01,-2.936430962653578235e-03,5.282836015151053805e-02,4.815927802420015558e-02,-5.302451436280169669e-03,1.284194403516826684e-02,1.206664068262451985e-03,-3.576178137320845402e-03,-3.581967518147349122e-02,-3.799411179879851053e-02
4.351715678504411433e-02,4.705178946119231709e-02,5.514221517504763748e-02,2.067816725928164900e-02,4.383030751530998803e-02,1.273163338352236440e-01,-4.260756953717102780e-03,6.140122768446052565e-02,4.923365704391276243e-02,-3.872140607645456131e-03,1.159394215065883554e-02,-2.285265578163533408e-03,-3.255587473205983403e-03,-3.829982168197488407e-02,-3.900759189087837225e-02
3.671444227707516134e-02,4.703298614267479444e-02,5.252013457800062957e-02,2.445862890842763482e-02,4.089319390316297625e-02,1.324456565392192198e-01,-5.121356517739439514e-03,6.922228886069509146e-02,4.985815296960551674e-02,-2.621823451414615879e-03,1.049825658241190611e-02,-5.833460424609414850e-03,-2.832256743221445335e-03,-4.088407815438686171e-02,-4.004770488804342693e-02
2.959339914635406021e-02,4.718164280895279644e-02,5.003972497177956724e-02,2.851180833214410001e-02,3.787863167394889957e-02,1.383682615591699250e-01,-6.498118777514413739e-03,7.766667594067196145e-02,5.082930942118351475e-02,-1.213263330568662085e-03,9.044872365653751009e-03,-9.094649266980506935e-03,-2.469868077751725260e-03,-4.334816239725276799e-02,-4.104406369250462872e-02
2.286333947723422425e-02,4.681656095646552496e-02,4.791298071418204768e-02,3.287571926876800554e-02,3.498996732985860947e-02,1.436768935332506103e-01,-7.662903289418463576e-03,8.571322137507246530e-02,5.157705826719002212e-02,9.594794636253913672e-05,7.700305867355420296e-03,-1.244922449861031108e-02,-2.069405368719500100e-03,-4.583858960983499403e-02,-4.205020034536418455e-02
1.530307462537749789e-02,4.744392240505223429e-02,4.509150267881691793e-02,3.727509411909084303e-02,3.190221984155045681e-02,1.501657239263813337e-01,-9.135568534513194283e-03,9.442691093093898147e-02,5.261410635091891969e-02,1.430088287467678933e-03,6.176252491151787774e-03,-1.589108450324893881e-02,-1.720453516431014315e-03,-4.836617533184885132e-02,-4.307055977022963833e-02
8.376677359414686289e-03,4.820010224828238932e-02,4.186234093325845451e-02,4.125828952059578530e-02,2.844506872463111249e-02,1.559193398155744037e-01,-1.057350985173064785e-02,1.026066899277951749e-01,5.334063944210738067e-02,2.819962143592430991e-03,4.871445730290717077e-03,-1.932054464173122571e-02,-1.338794602817580280e-03,-5.084909652517379669e-02,-4.410505891431591718e-02
1.591832677709938138e-03,4.873601453469435935e-02,3.870170096016500860e-02,4.525486375895994978e-02,2.529402045169184751e-02,1.608847409010795981e-01,-1.148158179723076863e-02,1.102195681714804171e-01,5.395573506338923603e-02,4.042150357012999455e-03,3.824509106972377379e-03,-2.287683584101902687e-02,-9.891779935689748622e-04,-5.336692247872772132e-02,-4.510429697676339444e-02
-5.811555956274452352e-03,4.938213432117585094e-02,3.490244122064220522e-02,4.906725375131923417e-02,2.176625703050659097e-02,1.659409106443381909e-01,-1.244519784314668948e-02,1.177676890242404656e-01,5.480818162690203471e-02,5.372080131785147462e-03,2.971851586181607774e-03,-2.642697960792446399e-02,-6.863741414313248882e-04,-5.590893928993565659e-02,-4.610670758227157495e-02
-1.330897636392657998e-02,4.994305075054843862e-02,3.115499285383185879e-02,5.276080221604625975e-02,1.831556699977398769e-02,1.706951127188537920e-01,-1.332797348902448574e-02,1.251298309728980929e-01,5.548908204683797307e-02,6.628338601037978180e-03,2.163216504760080879e-03,-2.986337484200357606e-02,-3.694743840636898749e-04,-5.842061498941063941e-02,-4.707724367211215538e-02
-2.060368885368235939e-02,5.057304937526781174e-02,2.753164867170800750e-02,5.649187970752890531e-02,1.501242457661369593e-02,1.752200468989963678e-01,-1.392274973586586986e-02,1.324851559049910754e-01,5.626967219432912198e-02,7.790733899072134656e-03,1.251179640540080011e-03,-3.333682101307541834e-02,-1.443629800000408832e-05,-6.086790934162467775e-02,-4.805890782861758914e-02
-2.820086720416970644e-02,5.027617549757056742e-02,2.467251946876532903e-02,6.021610984528815574e-02,1.207263147296449429e-02,1.807149380697466168e-01,-1.497018823026656162e-02,1.409282457952793777e-01,5.729746025731593390e-02,9.191256580936028528e-03,-1.018983099446620777e-04,-3.699289445944535515e-02,3.070928453056465720e-04,-6.343348792233446942e-02,-4.904939527134397070e-02
-4.032958803351183869e-02,3.806490910969025782e-02,1.492408343249632466e-02,5.790273695448160118e-02,3.479287627680833269e-03,1.765971244641937887e-01,-1.629754933493878649e-02,1.509870731702813162e-01,6.213560640865874868e-02,1.277071853885327658e-02,-9.359392616486814087e-03,-4.109382576913064161e-02,-2.211626009152198487e-03,-6.611845464797962146e-02,-4.980846172585197407e-02
-5.976781609432789411e-02,-1.969492374505618995e-02,-1.706955423824900106e-02,2.871906420907059665e-02,-2.013618637484357668e-02,1.242642815407484363e-01,-1.882895442291540253e-02,1.529715875824120275e-01,7.452919055493489875e-02,2.583322567286353358e-02,-4.820392081302701109e-02,-4.443576208401642247e-02,-1.875051311700818082e-02,-7.070337833668255412e-02,-4.895131314278025614e-02
-6.651895923560321999e-02,-6.280474686104824122e-02,-4.376278524854912422e-02,-7.190980720619657290e-03,-3.302102924635334086e-02,7.543162436273177784e-02,-2.175193122356980716e-02,1.455535556692873211e-01,9.125360144409631891e-02,4.102177145914364526e-02,-9.071754051440490685e-02,-4.517048437679813122e-02,-4.033348808837135258e-02,-7.399068858012322614e-02,-4.464896381748405252e-02
-6.835008453824951979e-02,-8.078586413821396695e-02,-6.116824418333717539e-02,-3.675884592157335068e-02,-3.961033064689779837e-02,3.537466177661830607e-02,-2.184859921820254264e-02,1.298862356604927604e-01,1.067784688583458957e-01,5.254087327980272448e-02,-1.241146089153093435e-01,-4.575781782572355127e-02,-5.871592897461194033e-02,-7.504036076970056757e-02,-3.897369215146652410e-02
-6.507649094168541093e-02,-8.629322358857627329e-02,-7.108931237987275997e-02,-5.875756297165437431e-02,-4.115668672278980506e-02,4.136477249833598636e-03,-1.852533514296601791e-02,1.097756152227992166e-01,1.174872328357354362e-01,5.935636146223260967e-02,-1.481960940125135184e-01,-4.750886332542336027e-02,-7.347635119225295885e-02,-7.460018959426462093e-02,-3.341033978479256844e-02
-6.088337622032936186e-02,-8.739561004125588617e-02,-7.658427164607298221e-02,-7.463228659245854657e-02,-4.038654299922843360e-02,-2.029031593392315036e-02,-1.328693922335526766e-02,8.742272744883761160e-02,1.245174712154068497e-01,6.253932503477580007e-02,-1.649193024600034974e-01,-4.936993314678156386e-02,-8.539854240674508989e-02,-7.329848256674711959e-02,-2.846249637852934014e-02
-5.538442528580728164e-02,-8.537828653569663750e-02,-7.681470166597119398e-02,-8.502068822286099059e-02,-3.781704553412253839e-02,-3.899285910627049018e-02,-8.188542166699423405e-03,6.522614938429970033e-02,1.280016126651657149e-01,6.391664813177243276e-02,-1.750158646924435679e-01,-5.095356319473970386e-02,-9.432769432922018249e-02,-7.052615523679080234e-02,-2.425550872506684885e-02
-4.788404120174653139e-02,-8.066987689393358141e-02,-7.473129749602820671e-02,-9.195172220070089997e-02,-3.481720682133943728e-02,-5.416141273797557554e-02,-3.819896860733161103e-03,4.319613765456625787e-02,1.280639606306595013e-01,6.352518718674464437e-02,-1.802993488465869931e-01,-5.195553986950981334e-02,-1.016354815744523188e-01,-6.641875942718734882e-02,-2.059740002960672167e-02
-3.923561872507488890e-02,-7.004046063091760865e-02,-7.268088871676482710e-02,-9.572249251454310881e-02,-3.146444459233969232e-02,-6.782864813827792216e-02,-1.763486414308011870e-04,1.930412323359971538e-02,1.258027857267107474e-01,6.214719951245770146e-02,-1.831725856377542927e-01,-5.384675484283001773e-02,-1.093726514746458794e-01,-6.088032527164514290e-02,-1.732136152277759938e-02
-2.639584424293297399e-02,-5.043665535321235904e-02,-7.064345846597132328e-02,-9.436699211230616113e-02,-2.788223532708070454e-02,-8.099972172504543710e-02,7.945546779558564348e-04,-6.415195837843082512e-03,1.195458791793057030e-01,5.873185663904947201e-02,-1.836551705531774548e-01,-5.658965300563649492e-02,-1.172698332639775243e-01,-5.335259464752646619e-02,-1.479447393278339809e-02
-1.232131217338978263e-02,-1.836194833247249344e-02,-6.888550468466786425e-02,-8.434314142582681473e-02,-2.312164291663228871e-02,-9.213182017511893640e-02,-4.149254381205912546e-04,-3.387020945156595658e-02,1.097058414214430594e-01,5.327372575752861716e-02,-1.815288378523363944e-01,-6.046045639585446302e-02,-1.263938793699148910e-01,-4.330739809482948843e-02,-1.270050983461942784e-02
8.804357514565490546e-04,2.804282202959477999e-02,-6.639352516416334449e-02,-6.426358466904620592e-02,-1.683436469664641860e-02,-9.729930910073734951e-02,-4.351176537120211157e-03,-6.274273591617914037e-02,9.447861210593061498e-02,4.399653695997826630e-02,-1.772067297986986145e-01,-6.444172542072454379e-02,-1.372145068328065598e-01,-3.026071317766932181e-02,-1.135321775173966756e-02
1.170193077855487783e-02,8.369358527472554876e-02,-6.122298984817714507e-02,-2.818947871038261430e-02,-8.388578595041511557e-03,-9.402766012333417522e-02,-1.146618344876051965e-02,-9.260242988203647163e-02,7.244271710212646376e-02,2.923247268963546572e-02,-1.691124828226194532e-01,-7.003165259137897336e-02,-1.494920791086666589e-01,-1.367832975042042321e-02,-1.100681736799723892e-02
2.199372958553494350e-02,1.392199505165744311e-01,-5.234036091487682257e-02,2.294058864190071448e-02,-9.488969718731590612e-04,-8.017837673994220038e-02,-1.883171929340524131e-02,-1.214421025946673810e-01,4.436126123964168055e-02,9.752410792825811497e-03,-1.562779167797505864e-01,-7.587540259447660140e-02,-1.620441920160424210e-01,6.325313818350906947e-03,-1.165833171361018404e-02
3.008164193032090289e-02,1.794133177511269550e-01,-3.617193887888403570e-02,7.654937901942336642e-02,7.581684674610645117e-03,-5.782596007536828370e-02,-2.650386035593860559e-02,-1.450017735298997912e-01,1.306635560754305231e-02,-1.321356489581820837e-02,-1.380584179305254511e-01,-8.094588681187246670e-02,-1.738800467690418683e-01,2.916708938523290481e-02,-1.262910072787687757e-02
3.154586954606582866e-02,1.910483264981790719e-01,-1.303335801870729449e-02,1.277673556740657468e-01,1.526074225227798918e-02,-2.917107056189479145e-02,-3.625610235487231048e-02,-1.591878738549018790e-01,-1.985247185886334503e-02,-3.778383996560658736e-02,-1.154556487645459206e-01,-8.345136505152511708e-02,-1.829604277974094251e-01,5.296743161911692671e-02,-1.445209591233279599e-02
2.139270657763010439e-02,1.727016968600262325e-01,7.099751396471271243e-03,1.640293887385077254e-01,1.721790412804015749e-02,2.563405181844875032e-03,-4.779494679009266972e-02,-1.573340036470927128e-01,-5.112594986848228995e-02,-6.101627411421833153e-02,-8.932760193740978127e-02,-8.202806813824406462e-02,-1.887967913608512294e-01,7.711938168645271485e-02,-1.691654991878363545e-02
5.703946904732567179e-03,1.266645917126196230e-01,2.285511209047204340e-02,1.824305449558075720e-01,1.606000727814158036e-02,3.774967986624216953e-02,-5.751972308873672113e-02,-1.440653730972834834e-01,-7.827948723882041659e-02,-8.008754213909910491e-02,-6.038476470089388509e-02,-7.864490543984634097e-02,-1.907556968267201392e-01,9.833938082356660781e-02,-1.962804073030760196e-02
-1.281203629798617627e-02,5.994034406320851438e-02,3.235007311028491317e-02,1.788174387793828590e-01,1.081966704185348058e-02,6.974971560112744329e-02,-6.262651598086958760e-02,-1.202518296554072746e-01,-9.911933802860570242e-02,-9.580327524755720414e-02,-3.204169966203294223e-02,-7.235159074166327975e-02,-1.888048210621311729e-01,1.162135143424733036e-01,-2.213210761724919776e-02
-3.382287681008968455e-02,-1.348911769087212699e-02,3.522881888382074778e-02,1.528383396673153038e-01,1.685590862657806999e-03,9.416038053182067269e-02,-6.056972695675538754e-02,-8.800020038560243951e-02,-1.144204029317711785e-01,-1.052818369893601252e-01,-4.700315653707630610e-03,-6.532363500614668528e-02,-1.831810295219506168e-01,1.302615149797556604e-01,-2.489417432765279534e-02
-5.153033350867969320e-02,-8.040607671272687051e-02,2.779089117497083455e-02,1.090577897274310482e-01,-6.939918038790310155e-03,1.080477320259736751e-01,-5.518403061138301563e-02,-5.188977297630515545e-02,-1.231274074406959185e-01,-1.092226690803033418e-01,2.036027087727960289e-02,-5.693950236634048173e-02,-1.744426006484608715e-01,1.414606374242222131e-01,-2.749751330372141034e-02
-6.066294609682421068e-02,-1.369164762241670552e-01,1.309967415316771501e-02,5.529207290919418288e-02,-1.352866812297720198e-02,1.112719464964537774e-01,-4.721511464728141150e-02,-1.280714004393294740e-02,-1.252461672868232234e-01,-1.074782972392911290e-01,4.137607598425067229e-02,-4.783181221886223522e-02,-1.640417066164301940e-01,1.510202479917227281e-01,-2.986819366755098099e-02
-6.534919707341106665e-02,-1.808020555307374710e-01,-6.116431497588608636e-03,-4.582535902124615888e-03,-1.920901076237329849e-02,1.057408948268663551e-01,-3.870480610128176208e-02,2.614398638971044894e-02,-1.190888181245815802e-01,-1.018646925611325221e-01,6.139886901677574921e-02,-3.557012295732556867e-02,-1.544743864769649311e-01,1.592347266996402000e-01,-3.219735221952072651e-02
-6.146992512858658053e-02,-1.943013562432579777e-01,-2.850666976909662156e-02,-6.390172799703414119e-02,-2.432366414135999841e-02,9.051627709333473493e-02,-2.735902803212654846e-02,6.124677498959649191e-02,-1.066526743171638258e-01,-9.115164587794358231e-02,7.850032762088546279e-02,-2.305874775986858222e-02,-1.432492909156730942e-01,1.660190368734734689e-01,-3.460963593372259200e-02
-4.936985819565584133e-02,-1.780686457458475203e-01,-5.031211278267296028e-02,-1.195435925046119674e-01,-2.717114218844204898e-02,6.743537944582263244e-02,-1.647536850829736665e-02,9.196765780560124670e-02,-9.004466550664858016e-02,-7.569184656753905061e-02,9.084451594959026821e-02,-9.610750633129681864e-03,-1.311186988699541978e-01,1.716411545636025993e-01,-3.657850803580141308e-02
-3.290693915507940381e-02,-1.330535305246948741e-01,-6.462267539699878549e-02,-1.599277153743487445e-01,-3.120553092011640189e-02,3.858582810700135479e-02,-2.462554679784431481e-03,1.190644414865868056e-01,-7.069987427332208307e-02,-5.824792986727539423e-02,9.801424300875151430e-02,3.454733310249442219e-03,-1.173925481599634724e-01,1.762753592855521023e-01,-3.830316682296405068e-02
-1.586551117773082886e-02,-6.864287458402686115e-02,-8.014643888724258536e-02,-1.839172184101606766e-01,-3.357476050800330125e-02,4.027494960548093708e-03,8.879169037556386077e-03,1.398122158357868461e-01,-4.744859733357161685e-02,-3.918988428644117755e-02,1.024664740661231366e-01,1.739231416033088298e-02,-1.031974623779327721e-01,1.800602658376893039e-01,-3.976743720587014308e-02
4.457598589530956286e-03,4.041674517689369112e-03,-8.993228128863332838e-02,-1.851142481977007259e-01,-3.370735612559887934e-02,-3.162683237391890334e-02,1.643704592913573792e-02,1.545803776142500863e-01,-2.196392556550526634e-02,-1.748435115499152523e-02,1.011290447858557845e-01,3.211679828372482337e-02,-8.664771648577770935e-02,1.825287872877949524e-01,-4.155288353221733150e-02
2.505981406315944612e-02,7.585523524850155963e-02,-9.139691948771584695e-02,-1.645364873410919693e-01,-2.986009252373310330e-02,-6.783064988234360770e-02,2.214684918175902767e-02,1.615867127561421701e-01,5.464923589015175179e-03,6.317982202519398585e-03,9.625324364288168066e-02,4.571016004437963159e-02,-6.832168583302723752e-02,1.840685301888667080e-01,-4.314458505621737716e-02
3.999501207568569028e-02,1.365677705299457034e-01,-8.131673710039651060e-02,-1.269491217678545003e-01,-2.018665306740672141e-02,-9.808866650448791469e-02,2.373520215111435752e-02,1.608810537376321737e-01,3.306483421029458858e-02,2.938797100336077925e-02,8.813733580025770453e-02,5.925811586089446692e-02,-4.882439924144389709e-02,1.838483612857935157e-01,-4.469749021759021612e-02
4.686985324585661583e-02,1.781901140387894267e-01,-6.249520720087168441e-02,-7.554523023992229525e-02,-9.394609914374752943e-03,-1.212463861266135645e-01,2.094704611606976880e-02,1.530308050904294059e-01,5.824502930330784090e-02,5.030514587235875024e-02,7.674974501165994500e-02,7.166782842046935664e-02,-2.891671077126237860e-02,1.827714176936100776e-01,-4.647094310233412795e-02
4.493721653303753977e-02,1.965626028564763095e-01,-4.197481787061223268e-02,-1.306508927283312610e-02,2.601557488076612547e-04,-1.349067887926237164e-01,1.770505029966058796e-02,1.378254182445274867e-01,8.134943442839359662e-02,6.745101842532214009e-02,6.236860419351659968e-02,8.322798693715906249e-02,-8.306711976426892075e-03,1.801920781260152316e-01,-4.833156975307038167e-02
3.248644906468367566e-02,1.856483709286348982e-01,-2.198820710391196157e-02,5.355097079093067147e-02,7.811083502356706496e-03,-1.375742184763665277e-01,1.492642487527132134e-02,1.162639855469648070e-01,9.974589261369322390e-02,8.209110186969942324e-02,4.583443993608179307e-02,9.166866883003432775e-02,1.196610346014310294e-02,1.767570881248726744e-01,-4.967835590650850758e-02
1.041389817985782264e-02,1.482914183985342416e-01,-5.869659281065088031e-03,1.164658702441822014e-01,1.314387067217742677e-02,-1.296022529820802793e-01,8.769934045878086115e-03,8.905128898736210108e-02,1.153405850496865975e-01,9.209956197593582861e-02,2.800808644459174337e-02,9.976725509055305030e-02,3.278458545152608539e-02,1.733993706478443031e-01,-5.058431584702112460e-02
-1.835074890710537698e-02,9.323939723291276016e-02,7.702435667617221586e-03,1.667540277896703005e-01,1.629245176441920448e-02,-1.115813526703165609e-01,-2.012945430038695117e-03,5.631207732895301271e-02,1.255828620454801092e-01,9.827169991538244054e-02,9.672595191908113510e-03,1.067788109665853274e-01,5.423633710353752829e-02,1.689156345635346446e-01,-5.193541691869048293e-02
-4.520695444816020397e-02,2.626258940484299878e-02,1.569249882895951131e-02,1.972778365271814771e-01,1.766236367066621737e-02,-8.729718890637598594e-02,-1.748188164181135526e-02,2.147675423242713724e-02,1.276517662212333648e-01,9.917574176810618758e-02,-9.183713142036380520e-03,1.118205388576347659e-01,7.508690326453003328e-02,1.637854817269486785e-01,-5.338318997770442192e-02
-6.607056358575730259e-02,-4.157694996046842201e-02,1.696476182938530877e-02,2.048371308689036219e-01,1.775936357893979911e-02,-5.466205649460962462e-02,-3.376263281948684025e-02,-1.372825222558938553e-02,1.236699112256184757e-01,9.600263372635874093e-02,-2.891072758004789578e-02,1.150388126977422570e-01,9.515238534254559510e-02,1.567666782268572756e-01,-5.474542622535682329e-02
-8.295933475186140216e-02,-1.009885581585363706e-01,1.044820958510357667e-02,1.954932707706568684e-01,9.249844005018548199e-03,-1.851639865519215736e-02,-5.078875731239585606e-02,-4.620236202964313199e-02,1.130972956435233323e-01,8.686512869824168648e-02,-4.950429736327525976e-02,1.163162858566802460e-01,1.137892025050047939e-01,1.487184385543842691e-01,-5.635834957418285607e-02
-8.545382928980294057e-02,-1.467073121827012216e-01,-2.468220699275637422e-04,1.659446486225158723e-01,-2.735203315100480717e-03,1.994312423756107108e-02,-6.584098884296650522e-02,-7.456198053371233814e-02,9.608163159684723897e-02,7.506586637787181215e-02,-7.159279130807937042e-02,1.159624091841690713e-01,1.298528407001035001e-01,1.403779520735554953e-01,-5.807348114787007354e-02
-7.846637093359017101e-02,-1.651986437517833084e-01,-1.425035583310688657e-02,1.159291989944446905e-01,-1.542589561207977251e-02,5.885178428976418907e-02,-7.805275667449711186e-02,-9.941572771489043392e-02,7.292040728860783860e-02,5.899644470048361067e-02,-9.234327972248847216e-02,1.126435341800782058e-01,1.450920957443947445e-01,1.314732900200154264e-01,-5.974447537016089327e-02
-6.431464090455496496e-02,-1.563873930691032921e-01,-3.487431618464981176e-02,5.102191332360318798e-02,-2.702899300625221518e-02,9.164369933221165609e-02,-8.565065276746237910e-02,-1.190841915633591430e-01,4.513599221856549187e-02,3.714180695338705623e-02,-1.110100985943933416e-01,1.063175055123389140e-01,1.580366737591964166e-01,1.204590055071433213e-01,-6.137250184268937259e-02
-4.120583815819790774e-02,-1.220686584584237955e-01,-5.464298470223325627e-02,-1.892802256580198780e-02,-3.753928411306943491e-02,1.175280522486843310e-01,-9.028317348560589706e-02,-1.293373141213607913e-01,1.247542252150949348e-02,1.257687728378291056e-02,-1.278595959097071910e-01,9.633640699578298328e-02,1.685079152063619634e-01,1.076344978904971161e-01,-6.284864547845740723e-02
-1.456256752607656794e-02,-6.510605425644563904e-02,-6.904449698532641455e-02,-8.514372039506357126e-02,-4.702395756160224899e-02,1.341395027798342188e-01,-8.690532203256474963e-02,-1.299266321106656852e-01,-2.202665288615781453e-02,-1.508218009033980046e-02,-1.423335718929131521e-01,8.344884240636081529e-02,1.752691270991921790e-01,9.257003614177236606e-02,-6.407505395440309115e-02
1.042463976516407737e-02,6.426592643074524255e-03,-8.318398471151168538e-02,-1.381534528736531875e-01,-4.926426300680639137e-02,1.359821854861690271e-01,-7.741319539345606349e-02,-1.162951877303222137e-01,-5.508782930533764888e-02,-4.396598047933329007e-02,-1.530948260699542263e-01,6.690954096341432400e-02,1.777291136860194576e-01,7.569906448191246473e-02,-6.530864391581633899e-02
2.790707111029679457e-02,7.756121366901817804e-02,-9.183432222394896649e-02,-1.706442767459993015e-01,-4.952038567983887973e-02,1.218796904128918862e-01,-6.517977048649077620e-02,-9.085807083739247392e-02,-8.414089815640574122e-02,-7.356888288029042600e-02,-1.566992907238294597e-01,4.870059272421516094e-02,1.751479686774655431e-01,5.663997594527196006e-02,-6.591259734736994169e-02
3.595809759464915767e-02,1.363174683261913211e-01,-9.333674764658199396e-02,-1.742528697805613147e-01,-4.650112858604393135e-02,9.270922511720361414e-02,-4.934000474478336673e-02,-5.743077209359753743e-02,-1.102137778656414463e-01,-1.001488502995934449e-01,-1.517848517695137289e-01,2.862389083392018890e-02,1.682087057541452046e-01,3.659282162253432724e-02,-6.615806544562688463e-02
3.175847340476421060e-02,1.739618109379583999e-01,-8.654147042721178906e-02,-1.528065510673010108e-01,-3.708418408803831889e-02,5.110122483987248471e-02,-3.243332163839384580e-02,-1.793252636366637551e-02,-1.331806964521167480e-01,-1.196414835172691787e-01,-1.396385393700286803e-01,1.001347405633385736e-02,1.574895333765110594e-01,1.669670349189649600e-02,-6.607213181219188936e-02
1.844062607103324342e-02,1.833058618241777127e-01,-6.946104100932402881e-02,-1.084477280587871906e-01,-2.749388063929828277e-02,6.390706492455430938e-03,-1.779787828749250164e-02,2.531424120174406017e-02,-1.481608849695544294e-01,-1.322577831264690196e-01,-1.224844071152803859e-01,-6.234032228809972299e-03,1.429045699756257004e-01,-1.916039583034608680e-03,-6.561098805657680777e-02
1.503010761193533055e-03,1.660629280293872689e-01,-4.576074022144278192e-02,-4.687490205411957295e-02,-1.500279549043327665e-02,-3.731841691729463617e-02,-3.218375072791495803e-03,6.651531518599121395e-02,-1.554438920378460320e-01,-1.382284452160641997e-01,-1.040432102335944464e-01,-2.029398967690724045e-02,1.267535890420345701e-01,-1.861392421618874096e-02,-6.522902740492160512e-02
-1.726351185909489466e-02,1.243946277513320320e-01,-1.926310152166288425e-02,2.046421027842600104e-02,-2.879780891715592612e-03,-7.779904249208223488e-02,8.934579206311795557e-03,1.020037170125896869e-01,-1.554123132986012235e-01,-1.371611033818470882e-01,-8.720289727815704051e-02,-3.079858082768982888e-02,1.109945140411166542e-01,-3.285145814770600720e-02,-6.497998463460513685e-02
-3.003381090536981490e-02,6.788767926086834714e-02,-3.407990122973203083e-04,6.860242011989281519e-02,4.167967961681420114e-03,-1.090012504169273061e-01,1.842240422439277853e-02,1.226542930241236312e-01,-1.472786132979399254e-01,-1.283704560047877197e-01,-7.720606159522780398e-02,-3.577918323936923883e-02,9.480215100439128018e-02,-4.258324679629297421e-02,-6.426024909888428116e-02
-3.237987144326191086e-02,2.230048354841676281e-02,8.667412810706492596e-03,9.110417213027763306e-02,9.016511957651652046e-03,-1.276087823095395368e-01,2.245338586135407419e-02,1.276205432772743731e-01,-1.331774675484492243e-01,-1.168971158460856280e-01,-7.135114271338663383e-02,-3.627041084882752509e-02,8.056000007054049672e-02,-4.870494534915294216e-02,-6.214140064125523583e-02
-3.064675576996040568e-02,-1.586211112501275527e-02,1.433417065491821712e-02,1.019516995661525621e-01,1.080983031271311352e-02,-1.363473643082813436e-01,2.430074414252778037e-02,1.247502181015616579e-01,-1.188269654263427039e-01,-1.074206411768605929e-01,-6.452879899639460404e-02,-3.541693842911536327e-02,6.944215025792119245e-02,-5.216588947238322976e-02,-5.992494770943563448e-02
-2.560801049755788428e-02,-4.400574169367790084e-02,1.869156508390841173e-02,1.058502389191952192e-01,1.275441203226510348e-02,-1.400324956532915388e-01,2.656802903776521799e-02,1.171287834692961854e-01,-1.061939074468857963e-01,-9.843009609807293336e-02,-5.708353492634365978e-02,-3.410762596554174630e-02,6.055929517800856532e-02,-5.378432470671047627e-02,-5.781728821934022100e-02
-2.123597345217324156e-02,-6.402632053125729972e-02,2.195391004270535323e-02,1.060464342743982352e-01,1.569961685460552481e-02,-1.381278426432852591e-01,2.793958086497716486e-02,1.075998929378021302e-01,-9.372033478581315302e-02,-9.051355435850109987e-02,-4.950314794021738740e-02,-3.240863604390253200e-02,5.251921192337064004e-02,-5.425187367309159542e-02,-5.583408437363655136e-02
-1.639140753711792672e-02,-7.843574785364487711e-02,2.417394723040597326e-02,1.030725656818833047e-01,2.027812233743009687e-02,-1.319053786781209381e-01,2.815436594798922595e-02,9.851076237295802729e-02,-8.192891772266387707e-02,-8.289970528929747895e-02,-4.220509708847378777e-02,-2.971626256867002103e-02,4.545337182223899847e-02,-5.407920437038865602e-02,-5.404802491074467419e-02
-1.138534711778742270e-02,-8.865740409049083226e-02,2.613188563493317948e-02,9.762584197386883766e-02,2.415387763895586112e-02,-1.245207170996862900e-01,2.792040735443774430e-02,8.948274618207753550e-02,-7.061352371962088814e-02,-7.620772599097477840e-02,-3.529791256540695116e-02,-2.694197408938664440e-02,3.934565241683261883e-02,-5.318679035641202951e-02,-5.226797727650960013e-02
-4.709853360031100375e-03,-9.620704498823137718e-02,2.884817913533161901e-02,9.052533013103566950e-02,2.644041111640110103e-02,-1.163358154667286926e-01,2.673950413783889729e-02,8.034403828718603147e-02,-6.060594631728281889e-02,-6.974612303387316137e-02,-2.938920228803665324e-02,-2.403406222975115400e-02,3.436775697806609270e-02,-5.193571391455560626e-02,-5.049920944741387308e-02
2.707955672362445405e-03,-1.011137153572205655e-01,3.183990575107523147e-02,8.238683178557029696e-02,2.866460970849501327e-02,-1.087493509440785183e-01,2.579398771239461985e-02,7.115953801951585556e-02,-5.206232630281443924e-02,-6.401948266253816577e-02,-2.439369375150438057e-02,-2.075816286828535695e-02,3.030281526489449206e-02,-5.014521196496953687e-02,-4.881319792870606605e-02
8.533986289166918190e-03,-1.027681754078947629e-01,3.462792009410260718e-02,7.252464322223521609e-02,2.998988870865392647e-02,-1.005388278841887195e-01,2.539144731876852648e-02,6.195375098573794453e-02,-4.384387098450917564e-02,-5.825987311227268789e-02,-1.934928540139339154e-02,-1.768545537422429315e-02,2.595965339300471825e-02,-4.778042896115014537e-02,-4.710868416251567936e-02
1.439397273413562696e-02,-1.025112764123860681e-01,3.576745600431301131e-02,6.105804140311846956e-02,3.068183231853664414e-02,-9.107217671760860223e-02,2.474333867869586354e-02,5.234399860590756987e-02,-3.543698438742717144e-02,-5.207971283358237696e-02,-1.461905280046626142e-02,-1.415813170083618337e-02,2.163519543391538569e-02,-4.535391905321565359e-02,-4.550288835058385190e-02
2.011419599405625189e-02,-1.009021697895502168e-01,3.668212503802683461e-02,5.010096385733828900e-02,3.213043781834454965e-02,-8.265499436024348334e-02,2.432745845179261346e-02,4.270396702057225463e-02,-2.763576657909868478e-02,-4.739524788529424215e-02,-1.062027876130569419e-02,-1.072845844474602101e-02,1.782965692825962123e-02,-4.280608268801534833e-02,-4.386709512620475676e-02
2.592783522400867596e-02,-9.669543750569115081e-02,3.730686799835152695e-02,3.903704174287005862e-02,3.334379083839544844e-02,-7.369088882172916688e-02,2.399937538560671657e-02,3.295592688343008253e-02,-1.996697496193111654e-02,-4.276467839911413105e-02,-6.964602053344427258e-03,-7.491207385730307665e-03,1.415838753062301919e-02,-4.038687541722921909e-02,-4.224748514072336480e-02
3.157936565797152956e-02,-9.134816582620872150e-02,3.715613010514686593e-02,2.816756427483099734e-02,3.422970351734608979e-02,-6.574322353490275050e-02,2.331521550586984279e-02,2.343865970800350015e-02,-1.340761133836829329e-02,-3.867312592727795845e-02,-3.408257694581723774e-03,-4.230139418889362381e-03,1.057586160027149634e-02,-3.780674765348927824e-02,-4.078486781169524816e-02
3.664565522874795034e-02,-8.481225309316724192e-02,3.676240848803526834e-02,1.901815078764078001e-02,3.465535323742340024e-02,-6.016020838899265033e-02,2.203687451401324313e-02,1.481266551711858670e-02,-7.922219843121521693e-03,-3.517595133258428347e-02,-1.300530592898461275e-03,-7.300715787033811108e-04,7.680136114156022910e-03,-3.535328191737523162e-02,-3.928671183835936304e-02
4.215956434415016330e-02,-7.774936082662443904e-02,3.631483599433170395e-02,1.008025546237199116e-02,3.496918082566443514e-02,-5.463147365234885533e-02,2.126959795711862514e-02,6.139373093174797791e-03,-2.755382015521845758e-03,-3.158289852958000299e-02,9.004933201872001441e-04,2.940453953903572008e-03,4.906824130203221203e-03,-3.273045016100314258e-02,-3.778242146749957037e-02
4.658065095134764771e-02,-7.042962667429407408e-02,3.633251543847944298e-02,5.822476872369627965e-04,3.524172623735598309e-02,-4.931886878778385386e-02,2.118878778867358190e-02,-2.279875357262014894e-03,2.045226597608869323e-03,-2.821650911866879774e-02,3.486762240749882290e-03,6.595997458075074545e-03,2.434529247642796407e-03,-3.003897395141176194e-02,-3.638704742294086858e-02
5.079606385488914799e-02,-6.294679687276526214e-02,3.706343948793115045e-02,-9.166341325653512562e-03,3.591759950511382027e-02,-4.441735667604681387e-02,2.114717330155945277e-02,-1.110736569022913352e-02,6.863379623539497126e-03,-2.535253477899154784e-02,6.397506938960975664e-03,1.003647399328532960e-02,-7.046242824901219738e-05,-2.730200695787397824e-02,-3.498090448332497049e-02
5.425632127452140185e-02,-5.731082176434154629e-02,3.841509121174178920e-02,-1.701335494707056570e-02,3.689274687953539994e-02,-4.103403839107676310e-02,2.090942050981574318e-02,-1.956372279868517569e-02,1.128710309049982437e-02,-2.343329789980153413e-02,8.528833379113876997e-03,1.351003173830324366e-02,-2.101835318755925115e-03,-2.467582165668627189e-02,-3.370626283440925769e-02
5.754160866556896209e-02,-5.248522865367788448e-02,3.965164744307834305e-02,-2.352367008208491178e-02,3.812720914387051491e-02,-3.826907260253097770e-02,1.989899103362692545e-02,-2.677468161042595440e-02,1.508710344561870614e-02,-2.224813918733227827e-02,9.921620004363099210e-03,1.699813930158335790e-02,-3.816368636759711469e-03,-2.201129280674657754e-02,-3.254684105616192230e-02
6.049153840948540833e-02,-4.818496774705788993e-02,4.065611451820776850e-02,-2.926406950008136887e-02,3.934426109012472556e-02,-3.618489571987643094e-02,1.933131565403751681e-02,-3.375442011281586108e-02,1.835381102767593212e-02,-2.134894105929513453e-02,1.118447839344668959e-02,2.051139296030329504e-02,-5.314053184175278333e-03,-1.944502169037981912e-02,-3.138412139898422853e-02
6.321407760583139246e-02,-4.332773987843812485e-02,4.125620741213061743e-02,-3.505084464669962208e-02,4.152594463556005810e-02,-3.465383134686361027e-02,1.894741194606718374e-02,-4.056550123726140877e-02,2.135761060850329546e-02,-2.057389884299626673e-02,1.245960735024695572e-02,2.386541363747445021e-02,-6.771023156287735503e-03,-1.701817913387843745e-02,-3.022990182223333003e-02
6.614521554326945052e-02,-3.904693840558111362e-02,4.182104254427817386e-02,-4.033685208189982663e-02,4.411119207371633211e-02,-3.385076940286872726e-02,1.906139611527012459e-02,-4.710789949422067302e-02,2.384227061814927356e-02,-1.998393808906037336e-02,1.365613002441007882e-02,2.696656619364980190e-02,-8.204396390375158499e-03,-1.454323726379059406e-02,-2.912792344425435900e-02
6.944722678417612760e-02,-3.536707439165159145e-02,4.270264623257948727e-02,-4.561479493067698010e-02,4.661965741564173815e-02,-3.387027303554353969e-02,1.929151556981789986e-02,-5.357018944960888207e-02,2.592199214731891188e-02,-1.965110425191697249e-02,1.442224760653247097e-02,3.012805454562222929e-02,-9.588962534774444699e-03,-1.213218085977155192e-02,-2.801046098089732608e-02
7.335648839784929265e-02,-3.270846319898525895e-02,4.375673843476324959e-02,-5.066811194205908531e-02,4.931128928718182119e-02,-3.399394816342622694e-02,1.926179910152809802e-02,-5.959363746825000613e-02,2.752655926710260992e-02,-1.990190969723770742e-02,1.508817800349458033e-02,3.335385567165719684e-02,-1.067433850369372758e-02,-9.712659147153033037e-03,-2.693783980444681633e-02
7.756165662925344761e-02,-3.059536057163746853e-02,4.457119049506043373e-02,-5.476942240364129910e-02,5.168879264148563274e-02,-3.539934614394472240e-02,1.910639954865037821e-02,-6.529198521016525703e-02,2.840695675467118722e-02,-2.054459034103954529e-02,1.550848148115445239e-02,3.658196544254282284e-02,-1.144045972496495443e-02,-7.251738293245463263e-03,-2.588208158624740254e-02
