9.459713866192958659e-18,-2.622762466290531297e-17,-3.696847880540939521e-17,-3.253353913323325329e-18,1.040667753910854327e-17,-5.803294455057369485e-18,1.324929534491744979e-18,-1.373289974513822873e-17,7.781362799039989748e-18,-1.751213684689733612e-18,6.307856038353365719e-18,2.014451164746446140e-17,7.920564911863843023e-18,9.136632460265350362e-18,6.928977747340016834e-18,-1.020343727429937016e-17,1.010296362599477665e-18,2.177807658245120371e-18
4.591239554264532272e-03,1.051911608669214848e-04,-4.084666106383456549e-03,5.182697229590834623e-04,5.910198720560522895e-03,2.958943818636152259e-03,-2.651895291709977388e-03,-3.700313133192315029e-04,4.021125232639397723e-03,-5.558013847585889164e-03,-1.902833635248492306e-03,-1.451047443633002310e-04,-2.196798504631142235e-03,6.674847221026347643e-03,3.616305562920696381e-03,-4.065730811257828314e-03,-4.033808006016492698e-04,5.907316445151744588e-04
9.230722733021529125e-03,1.434857000841686415e-04,-8.253114031248258084e-03,1.073530439404823998e-03,1.183952465738343646e-02,5.836590407969296374e-03,-5.283532297943434319e-03,-6.306759703912229176e-04,8.136712066414072964e-03,-1.107499741200885721e-02,-3.800465905559692603e-03,-1.383671169158939840e-04,-4.402138284787804334e-03,1.330766679774386674e-02,7.213504444600893351e-03,-8.138236356497019486e-03,-8.014541971240185525e-04,1.181259416998869938e-03
1.402621061268831404e-02,3.353592063063699086e-04,-1.233078028029491874e-02,1.695256858153848349e-03,1.795299430912353916e-02,8.759517519952450537e-03,-7.980194594733640290e-03,-1.000556030446519973e-03,1.219760434612435218e-02,-1.653184187183712184e-02,-5.518963698047316124e-03,-1.014133878349254836e-04,-6.595366197891333604e-03,1.999169350033569437e-02,1.083257743295831799e-02,-1.222113933148044618e-02,-1.195216445128322036e-03,1.761094268991340861e-03
1.855656942267733256e-02,5.501099768450519109e-04,-1.614108862529735344e-02,2.484563596102551397e-03,2.389400959503367589e-02,1.177825399432946146e-02,-1.063461795732819140e-02,-1.347710181077266256e-03,1.622378143770858427e-02,-2.186680157867371133e-02,-7.067154807502251668e-03,4.612445156504385579e-05,-8.768045506206467721e-03,2.665597391068325051e-02,1.448783141594891730e-02,-1.636479759556547231e-02,-1.608526762327366910e-03,2.352737709126192372e-03
2.304177526801059334e-02,8.328368136104446345e-04,-2.020559776945055758e-02,3.334863593763399969e-03,3.006393811433916152e-02,1.484006715222149775e-02,-1.323930950223527886e-02,-1.582458432920708091e-03,2.029896203228442886e-02,-2.718392534528963483e-02,-8.562445709064697708e-03,2.984459425977581404e-04,-1.090315505766158155e-02,3.332571661864108803e-02,1.809414025339073362e-02,-2.048268706500994130e-02,-2.020328433874507557e-03,2.944941158652926265e-03
2.782749370996037697e-02,8.442542363794446753e-04,-2.418472420634158043e-02,3.927536933334519614e-03,3.598892184602645039e-02,1.785303599551359144e-02,-1.585701221680191689e-02,-1.898036725436536010e-03,2.429888275549801913e-02,-3.262738693892715952e-02,-1.034142052945405399e-02,2.359010218464657749e-04,-1.304426882277931465e-02,3.998717825079123322e-02,2.170382099905687756e-02,-2.457116940478790146e-02,-2.421133266179850523e-03,3.539999813244378360e-03
3.220125060281298079e-02,7.495648988775568955e-04,-2.812431255126068494e-02,4.614110800581591731e-03,4.167094688545336378e-02,2.078249158920353334e-02,-1.861771781530591197e-02,-2.138013961956619635e-03,2.825719371928828161e-02,-3.803486582809911809e-02,-1.213887701834785726e-02,2.085127936639064039e-04,-1.523656389920964582e-02,4.661666912644446548e-02,2.533212270602350213e-02,-2.866178279440296378e-02,-2.823912232019550744e-03,4.140601203144424723e-03
3.659166440378175400e-02,7.010054237895912976e-04,-3.220811258089051332e-02,5.215983864079364041e-03,4.744109636069243630e-02,2.367287861148508615e-02,-2.122950919216860105e-02,-2.474053834477865643e-03,3.241929521660565083e-02,-4.356859017345555973e-02,-1.402262725047233316e-02,1.497657251909312315e-04,-1.743201017439988121e-02,5.324167825591974434e-02,2.895318250559979212e-02,-3.274625642008415632e-02,-3.221591226034616149e-03,4.735606949400786997e-03
4.104286607834445322e-02,7.711343936762215384e-04,-3.643075440980625412e-02,5.845996469667129845e-03,5.318983669802274106e-02,2.661687992932658398e-02,-2.383052951388687363e-02,-2.773697571641919879e-03,3.674311603461399844e-02,-4.910023027235983079e-02,-1.569784770382739308e-02,2.484202775659971607e-04,-1.958068124803302723e-02,5.982887941599294990e-02,3.260863682715353651e-02,-3.684152322545030528e-02,-3.613055882418401803e-03,5.318729634654998165e-03
4.558632422567765463e-02,8.212612264775244475e-04,-4.109326594165181590e-02,6.635225906765233883e-03,5.869364730084936088e-02,2.977692602673515099e-02,-2.644349972754943268e-02,-2.721424192673474463e-03,4.074498874157242434e-02,-5.453661820007198180e-02,-1.683942182135045318e-02,1.028911805553367476e-03,-2.158261706871487245e-02,6.645608497189355035e-02,3.630864690875751366e-02,-4.094634570582754429e-02,-3.988256872604166794e-03,5.879269248399824482e-03
5.045871659139222754e-02,6.845700293333506492e-04,-4.535900391921707242e-02,7.488590331436950631e-03,6.469786345475658784e-02,3.296568148680238675e-02,-2.902954648504015023e-02,-2.865815002490612606e-03,4.469744026320983388e-02,-5.984265363438776020e-02,-1.833794534245070107e-02,1.344683370495508568e-03,-2.366692163476073058e-02,7.315822409704957063e-02,3.990530563841945128e-02,-4.504117458543763219e-02,-4.373560723112086129e-03,6.456520182189025465e-03
5.494201032986650857e-02,9.015259752031615226e-04,-4.920503950199658222e-02,8.149996764426771512e-03,7.027018122795243571e-02,3.572355278126881917e-02,-3.157568185696832397e-02,-3.214571493404164149e-03,4.848093958997384822e-02,-6.533774004619039011e-02,-1.988301694318284074e-02,1.607965892424317866e-03,-2.578043355920802901e-02,7.982775540827057037e-02,4.353974401098079094e-02,-4.914623369039799322e-02,-4.765717386440946127e-03,7.058543546326268535e-03
5.952874670980183580e-02,1.550692041403895285e-03,-5.301286672595494076e-02,8.855325045722249599e-03,7.536213744116165847e-02,3.850811598044844020e-02,-3.412165487990424101e-02,-3.848352338966853914e-03,5.256843539083877470e-02,-7.046276117969205166e-02,-2.052349066007247425e-02,2.554393680835554889e-03,-2.768269955886051154e-02,8.636196948147108199e-02,4.744750548592273354e-02,-5.334525390254808014e-02,-5.196762568892392131e-03,7.683810994887138937e-03
6.317313368603921786e-02,1.941029589121533172e-03,-5.610260859432472658e-02,9.531466318342667055e-03,8.014795510793387701e-02,4.130574887422833186e-02,-3.649773023561242447e-02,-4.373683750809348458e-03,5.652338470591528052e-02,-7.570297541836679134e-02,-2.108810132580926644e-02,3.642613097372440246e-03,-2.955671010099890361e-02,9.288199892152405879e-02,5.144865172685974403e-02,-5.763107243647130895e-02,-5.595881803111098056e-03,8.305821281605816481e-03
6.500146974311993286e-02,2.384244055239362337e-03,-5.765603966619294724e-02,1.027250664424986942e-02,8.163816960577793824e-02,4.394801458308061903e-02,-3.797933148974019790e-02,-5.098467782259225034e-03,5.970599741282406336e-02,-8.148769606282812994e-02,-2.116722440393917215e-02,5.306429112534104091e-03,-3.131357188526217444e-02,9.934062957221630186e-02,5.593679924006104281e-02,-6.208492936643632970e-02,-6.078196377404314517e-03,8.993945324040804323e-03
6.704761770314876523e-02,3.032757702064729777e-03,-5.885505398270829414e-02,1.022224127680749009e-02,8.413273306558244347e-02,4.745822199097637917e-02,-3.946279619832147867e-02,-5.595285807018179902e-03,6.290671646186477006e-02,-8.667250514184818289e-02,-2.109708362051684882e-02,6.735817524839084365e-03,-3.303397622115953475e-02,1.058868789055644605e-01,6.035914934882210398e-02,-6.652831614561319218e-02,-6.523373029527813199e-03,9.689510913429290676e-03
6.922627517372914596e-02,3.801612943999277405e-03,-6.047300562604930596e-02,1.061603628056387305e-02,8.950622643738703754e-02,5.074630323745398658e-02,-4.139141945044114146e-02,-5.812196049977569334e-03,6.658957853897369550e-02,-9.157605333286696070e-02,-2.139208368865149271e-02,7.687839632232227639e-03,-3.483187077813698629e-02,1.125012611988991801e-01,6.449238479244888411e-02,-7.088754326790022708e-02,-6.921820791228150242e-03,1.034599756123585901e-02
6.901796606058846484e-02,4.639211585654778869e-03,-6.047696351980552665e-02,1.101223603298356890e-02,9.124287230939873150e-02,5.334048447667279202e-02,-4.258620863987028216e-02,-6.588414793639565427e-03,6.970376159554889095e-02,-9.713263128393111179e-02,-2.129861269988718095e-02,9.416927193663621881e-03,-3.655188977720787852e-02,1.188771503111987898e-01,6.919679088832700331e-02,-7.544470108679866838e-02,-7.321785603350209129e-03,1.107595783559922609e-02
6.663298207391812888e-02,6.174570921803290702e-03,-5.829549040503897300e-02,1.050378633710512266e-02,9.030082080979361103e-02,5.506071675578408375e-02,-4.235774242182321903e-02,-7.647488079800963609e-03,7.105129675817022095e-02,-1.026655586667069298e-01,-2.074802285680968708e-02,1.136371866421531998e-02,-3.829999606256243722e-02,1.254672313748173840e-01,7.441696086243096420e-02,-8.024930586571121793e-02,-7.691991275239753317e-03,1.185858367911933955e-02
6.052779720540102382e-02,7.653548956474853782e-03,-5.517875251285281335e-02,9.576976177514073818e-03,8.503264042737052053e-02,5.553984722031361787e-02,-4.124684851261165019e-02,-8.551160622017077093e-03,7.195286958555711931e-02,-1.076197398040237146e-01,-1.978117600784963515e-02,1.290346458725910063e-02,-4.017636280631609741e-02,1.320323355709102642e-01,8.006355242637409886e-02,-8.536632937339339033e-02,-8.141768910486275532e-03,1.273666528790651231e-02
4.968060669576356003e-02,9.233910340755796531e-03,-4.798232058972554115e-02,8.413750637123573739e-03,7.461302466815736278e-02,5.333051749517050272e-02,-3.852658761078624206e-02,-9.096357407973711465e-03,7.146170609373732330e-02,-1.116619504223603510e-01,-1.866167269444427013e-02,1.416866528106844672e-02,-4.236770316473435771e-02,1.380042791977048322e-01,8.644595764667907523e-02,-9.115549131279818140e-02,-8.505729183942267735e-03,1.376601809552908777e-02
3.460727791781509355e-02,1.154170611688976056e-02,-3.816330574921644736e-02,7.096103421028981950e-03,6.028661890998666950e-02,4.857091612996794483e-02,-3.462879628200683096e-02,-9.749356731624444009e-03,7.064067799784320978e-02,-1.142597185269184357e-01,-1.660442744693110470e-02,1.593312090370770789e-02,-4.432413734649182091e-02,1.435297075848359638e-01,9.343424854096947507e-02,-9.719485600434178696e-02,-8.894822865181353788e-03,1.487474357109375145e-02
1.584477712971794905e-02,1.384537746418618154e-02,-2.496776384632259926e-02,4.769232163600256591e-03,4.410289611418802963e-02,4.250337850509212229e-02,-3.009600584174184842e-02,-1.039433745962472892e-02,6.925492505357801198e-02,-1.151543174749366377e-01,-1.360262230755208274e-02,1.742097780966841980e-02,-4.626190146084383642e-02,1.484702105550755880e-01,1.008902612614991090e-01,-1.035225312099332939e-01,-9.209251444850201709e-03,1.601843488692182918e-02
-2.381023035259473633e-03,1.648673119972163259e-02,-8.535169577462919932e-03,2.384076062200472801e-03,2.615564883159036264e-02,3.576181747035345887e-02,-2.486497109572466044e-02,-1.079235033499919942e-02,6.723736413235416320e-02,-1.150594924736514785e-01,-9.856234297636630795e-03,1.892250846515142540e-02,-4.809040670847049281e-02,1.532059277007881137e-01,1.085810030001313903e-01,-1.098844891317815320e-01,-9.463502374948791138e-03,1.713964170094222847e-02
-3.197150979016549072e-02,1.689085840526849402e-02,1.313859569352326950e-02,-1.795101292195479953e-03,-7.376108658851329974e-04,2.441791595576362633e-02,-1.627752936741851814e-02,-9.611308953759565080e-03,5.979621351484146891e-02,-1.099142348007240699e-01,-5.736497380817735976e-03,1.861455161056385990e-02,-4.877613063426135959e-02,1.549749406175723043e-01,1.171047812031509316e-01,-1.164267003190530558e-01,-9.498472662965894847e-03,1.856458706350315457e-02
-6.853553722571754936e-02,1.436496744296475447e-02,3.817987145647619429e-02,-7.952806718254486901e-03,-3.459922272159142442e-02,9.466826649239921607e-03,-3.683006223642566659e-03,-7.622948719208683110e-03,4.565015586840561607e-02,-9.827443694926464579e-02,-8.313017949344898719e-04,1.756785375062110827e-02,-4.790933212082355147e-02,1.535902626776374791e-01,1.258942464841562026e-01,-1.228911473408577371e-01,-9.705908103185851427e-03,2.036215326883502111e-02
-1.060215436087957042e-01,8.824670221310983165e-03,6.731662841871789704e-02,-1.588707320377680254e-02,-6.840633451287500555e-02,-6.765894052662445313e-03,1.286715820600255362e-02,-4.646592308184075218e-03,2.802521377912444225e-02,-8.263038124708750598e-02,4.401615762367280631e-03,1.489703173889540475e-02,-4.580075619029822659e-02,1.489416281749983417e-01,1.345199364854246238e-01,-1.285447794085412820e-01,-1.014829398234255026e-02,2.254912513009190225e-02
-1.334795602367824796e-01,1.072614099952002784e-03,9.106662289808628574e-02,-2.431804741456419783e-02,-1.022956958030320357e-01,-2.613271663269866457e-02,3.133931615519860991e-02,-1.431706214589787871e-04,3.956898273738229492e-03,-6.094162413079354940e-02,9.518878279273623039e-03,9.797488806038517212e-03,-4.255108095431436172e-02,1.380158068075259259e-01,1.428358919468521449e-01,-1.333304896501353864e-01,-1.074141190245861237e-02,2.548656194883115386e-02
-1.467520460308723296e-01,-1.066302515346400151e-02,1.065146525272042677e-01,-2.935833158874775334e-02,-1.355893022074779741e-01,-4.992605640584745624e-02,5.239389241730165597e-02,4.088769785318321567e-03,-2.469657934136718080e-02,-3.321008904759350372e-02,1.416528365373837146e-02,2.063921218610193994e-03,-3.811015265358894816e-02,1.207353366257957195e-01,1.510072467032972376e-01,-1.360948069392379223e-01,-1.178417855842361223e-02,2.966112024809792330e-02
-1.379736924185557267e-01,-2.457188518372107819e-02,1.128837836418554175e-01,-3.022282667971165973e-02,-1.614137958229951708e-01,-7.156793697415128608e-02,7.051273026359582141e-02,9.988010629486992337e-03,-5.475038561981448310e-02,-3.019275429911164044e-03,1.871121877575389683e-02,-7.506074858182024308e-03,-3.273782539001209024e-02,9.858955298110115562e-02,1.567759359072926906e-01,-1.371943492104849005e-01,-1.311227463941594049e-02,3.492472983212944332e-02
-1.077659143467522701e-01,-3.463861702955895600e-02,1.077477548722868966e-01,-2.747776623772703319e-02,-1.741221439215943356e-01,-8.952792299567700895e-02,8.541203745385730906e-02,1.574151451572175509e-02,-8.512065258059334227e-02,2.670574276012186582e-02,2.166692462969918923e-02,-1.721634494422903325e-02,-2.718024168211525399e-02,7.249866203435972878e-02,1.604921621583010050e-01,-1.366180341108641227e-01,-1.472276440162462174e-02,4.140356449275974654e-02
-6.433854385738162207e-02,-3.933761318626727288e-02,8.908239830378736346e-02,-2.346237507365836819e-02,-1.735448195722861797e-01,-1.027940684537182736e-01,9.465269634636537532e-02,1.951346956829106208e-02,-1.139069643098273299e-01,5.442597662812925785e-02,2.336825532086262217e-02,-2.869089303011948533e-02,-2.255716871112133093e-02,4.363750624690562047e-02,1.619562575326121967e-01,-1.345446249035293640e-01,-1.643762015662017864e-02,4.884324206678097857e-02
-1.645391153164081632e-02,-3.911591650775279871e-02,5.602355073181802814e-02,-1.594669278848747165e-02,-1.543451237367479967e-01,-1.095223127301598182e-01,9.576004968480376911e-02,2.169463082685371691e-02,-1.371722475441897737e-01,7.816656018575363074e-02,2.492831158019005386e-02,-4.021518879377813244e-02,-1.826183128546222598e-02,1.333472383812576469e-02,1.608962376037418318e-01,-1.316063497110868397e-01,-1.796893631899179958e-02,5.707590296510763050e-02
3.129501420932694067e-02,-3.073380836496895571e-02,1.552557336237937909e-02,-9.767422825425963254e-03,-1.183649443916842403e-01,-1.107796913824315443e-01,9.139129085436295541e-02,2.308610022791601074e-02,-1.513002886277511894e-01,9.769455899634277296e-02,2.508486423247279981e-02,-4.990808651365435250e-02,-1.491604244566889503e-02,-1.689499369133731430e-02,1.584170831620879683e-01,-1.273997388430865574e-01,-1.954418321065519784e-02,6.592486562427271601e-02
7.869597725459698268e-02,-1.568253494188015865e-02,-2.540112312780293952e-02,-3.377731968857229389e-03,-7.171893414205102180e-02,-1.048644982376412821e-01,8.434336849347912057e-02,2.324876869588218473e-02,-1.570260909662953563e-01,1.120852786210288637e-01,2.490779866876727602e-02,-5.684092172500927048e-02,-1.188293300456355617e-02,-4.455603755674947264e-02,1.549730676839802812e-01,-1.220142349278614535e-01,-2.114054568022764174e-02,7.521014260608209490e-02
1.122828532220293551e-01,4.420980246219436034e-03,-6.252714478549466215e-02,6.297882614751568534e-03,-1.940863327561645479e-02,-8.792329175063456903e-02,7.244892869726750340e-02,2.099981150554792314e-02,-1.554283941824396442e-01,1.216313805428761718e-01,2.418074237533507018e-02,-6.213650683919354212e-02,-9.684166108394658828e-03,-6.929313065584739861e-02,1.495764391184881970e-01,-1.156822469700666128e-01,-2.285696054479226594e-02,8.477107924475164868e-02
1.279897640428445116e-01,2.199063850310508869e-02,-8.947829719200656173e-02,1.361211373029554486e-02,3.326037287345588039e-02,-6.298608376731679170e-02,5.149482508563680422e-02,1.757045192798907876e-02,-1.454362973919046398e-01,1.236946808056436503e-01,2.250416596895712940e-02,-6.474134030072532797e-02,-7.588930700248654009e-03,-9.056572620656863637e-02,1.425339442149577696e-01,-1.083264641232375008e-01,-2.439941441175673062e-02,9.445928918966262078e-02
1.278053982800196609e-01,3.602209989328623158e-02,-1.069762781250716138e-01,1.931225154311816752e-02,8.571497612283808520e-02,-3.163842782818897248e-02,2.424068088016858094e-02,1.400847075681953616e-02,-1.283359025619021376e-01,1.204515340877447965e-01,1.859240885647627656e-02,-6.513436032434520573e-02,-6.399976466209640266e-03,-1.079860771969724520e-01,1.339130506087305994e-01,-1.004066905150130667e-01,-2.557575163174784921e-02,1.042000635265431935e-01
1.095303377931736155e-01,4.483106351153404862e-02,-1.138978921066064465e-01,2.267703387349161853e-02,1.298918875857145994e-01,2.243564092386467375e-03,-5.090309187860603268e-03,9.341512116284525144e-03,-1.071463988167911663e-01,1.122302678649673147e-01,1.423725928265426842e-02,-6.439461615322761290e-02,-5.970755613094763659e-03,-1.211238507385713759e-01,1.244667140631397773e-01,-9.252275496324800785e-02,-2.641358521836485035e-02,1.139209599654498195e-01
7.701064275922268887e-02,4.678948751596431060e-02,-1.096428722845504827e-01,2.313105972039773348e-02,1.592786525212933624e-01,3.533108585416343955e-02,-3.134052814130969949e-02,5.431803498663454084e-03,-8.540882267025320940e-02,1.022573342972850907e-01,9.057119396536455341e-03,-6.350658384800653145e-02,-5.325660359772174147e-03,-1.313690978209345883e-01,1.138775517180254659e-01,-8.453157654727191939e-02,-2.694429206589801784e-02,1.235828629492681519e-01
3.907999119766630142e-02,4.358509366819102171e-02,-9.441940151764605105e-02,1.987691912719958057e-02,1.753552137727552862e-01,6.784283687516862171e-02,-5.566365946658303338e-02,1.714247585535093625e-03,-5.693971097658789837e-02,9.075385054309957622e-02,4.305240430497353152e-03,-5.961627676310893992e-02,-4.136821488583926516e-03,-1.385622897432239875e-01,1.023473251195042288e-01,-7.626688997986094676e-02,-2.742480882455166497e-02,1.329269409513752498e-01
-6.075145582559671187e-03,3.773017276490152339e-02,-7.271580575839696470e-02,1.629091060841951141e-02,1.752638661718653179e-01,9.780852082417552940e-02,-7.659446959834177726e-02,-2.443418173140329917e-03,-2.375894330339509489e-02,7.805844130789116320e-02,4.897399173117446790e-04,-5.402251010800876441e-02,-3.281023989885152245e-03,-1.427571937287135662e-01,9.036576183296589349e-02,-6.747452813284034179e-02,-2.781882533967677124e-02,1.419077325234512355e-01
-5.261457119641210073e-02,2.716981974550579729e-02,-4.293248554409768991e-02,1.263509829424683956e-02,1.581255622474821432e-01,1.209156443799031116e-01,-9.359454863495234034e-02,-7.970303975516932621e-03,1.143198674625545141e-02,6.394846994873380763e-02,-2.962517327827344712e-03,-4.853924450527470624e-02,-2.593834661385277865e-03,-1.440348562575874403e-01,7.869832881233924937e-02,-5.878104434758604779e-02,-2.774174561133245509e-02,1.504267923262953000e-01
-9.884634496963076722e-02,1.373775342707659816e-02,-6.597155868900713045e-03,8.735968769004001308e-03,1.293544782628773260e-01,1.363051080137351878e-01,-1.067981682022859369e-01,-1.374731818028365402e-02,4.642484225472197357e-02,4.885375466942883799e-02,-5.966616818953941227e-03,-4.198332829406333649e-02,-1.980761393265652402e-03,-1.433603657413608512e-01,6.737959908980296897e-02,-5.017297861574152723e-02,-2.743097321066316138e-02,1.586499081254299226e-01
-1.338306911006753308e-01,-2.521556836999832175e-03,3.259024181790810826e-02,6.470375465804163034e-03,9.005336713090966727e-02,1.410442031574111188e-01,-1.124039127845010283e-01,-1.986380516769049517e-02,8.253177043315811090e-02,3.248946374171372137e-02,-9.486798399289725695e-03,-3.508482405021755290e-02,-2.029286836685633907e-03,-1.398789257244026918e-01,5.596378201394388435e-02,-4.151382741894286271e-02,-2.694144364043091905e-02,1.663309438362516324e-01
-1.553896079903906713e-01,-1.875410980587932999e-02,7.354259885761321724e-02,1.616868721321209398e-03,4.355085843050507388e-02,1.356886784543892277e-01,-1.086013222234738229e-01,-2.530582401127052378e-02,1.149721781580249486e-01,1.802148567931515649e-02,-1.113019008897795162e-02,-2.848331653065100735e-02,-2.164257451001060876e-03,-1.343711339626966483e-01,4.418721291139595525e-02,-3.277696674516202002e-02,-2.626053396865822565e-02,1.733765045832912077e-01
-1.568746279625542195e-01,-3.309381174100113621e-02,1.109842129047880765e-01,-3.623937989063141536e-03,-4.921857570856785422e-03,1.167981947384959529e-01,-9.640598337036812571e-02,-2.911669504708805714e-02,1.414807920250126250e-01,3.362687027576992393e-03,-1.078443289493599862e-02,-2.062761598932740317e-02,-2.291436312764750724e-03,-1.267628538387570725e-01,3.231759809966979619e-02,-2.393755643523285542e-02,-2.525396671048800445e-02,1.793894997302582783e-01
-1.330252461800438546e-01,-4.281293488312463286e-02,1.369451958790883217e-01,-1.147259627612018211e-02,-5.429840325931307304e-02,8.894326786182769895e-02,-7.809837861074979404e-02,-3.211928764311994949e-02,1.610443140390516448e-01,-1.220067166650205294e-02,-1.057709427089806482e-02,-1.359695851176604027e-02,-2.160962775277186412e-03,-1.183228685754769971e-01,1.999077836066021074e-02,-1.454613819922659021e-02,-2.358204320233544399e-02,1.839437854769235547e-01
-8.238356619751852072e-02,-4.784990110750189651e-02,1.493315752218054571e-01,-2.027853993864749821e-02,-9.649865502596266520e-02,5.606251793012377582e-02,-5.562590035903561964e-02,-3.251842225059872749e-02,1.730744266221913297e-01,-2.634233704831794032e-02,-1.081671494469231380e-02,-5.725994685993000995e-03,-3.399889485150998491e-04,-1.104262739210267186e-01,7.385382156312521318e-03,-5.199283351166597393e-03,-2.172471503170030419e-02,1.862166773654957141e-01
-2.032438914549077047e-02,-4.560858990015125708e-02,1.429124098318123315e-01,-2.501389762218107424e-02,-1.266752163335576331e-01,2.741711658688852568e-02,-3.244807061000731102e-02,-3.078177313291104167e-02,1.724143595950456964e-01,-4.218195121796777802e-02,-1.272269838229696942e-02,2.886775650883677529e-03,1.444187680544397299e-03,-1.028971694556584104e-01,-2.592350629621744708e-03,2.214332391162431284e-03,-2.060437801692815984e-02,1.861510893981125625e-01
4.050745903644022844e-02,-4.078528008453726622e-02,1.147446857058075503e-01,-2.463525099352639053e-02,-1.469675380607428916e-01,2.439417427269592251e-03,-6.843435210514577267e-03,-2.830262711764229208e-02,1.653534242512796903e-01,-5.995965972302321617e-02,-1.765526710926358309e-02,1.268155470067215858e-02,3.238612489536594075e-03,-9.459421984426107100e-02,-1.087032818182025184e-02,7.116580118059837035e-03,-2.053638351605868370e-02,1.848564118861593386e-01
9.323668926022202208e-02,-3.456047078393202632e-02,7.515872704976157836e-02,-2.083349461197481559e-02,-1.591516310313221827e-01,-2.404704763282362878e-02,1.961979057721062805e-02,-2.508635439896706593e-02,1.532047253825466748e-01,-7.696147313054864381e-02,-2.170401577998281109e-02,2.298106609604762263e-02,3.598609457719506837e-03,-8.562335883650476487e-02,-1.926384985505784700e-02,1.166577907475146135e-02,-2.059102397004099888e-02,1.831954877756292455e-01
1.360488989473044863e-01,-2.248811685355750142e-02,2.850024700784575121e-02,-1.535309127264109647e-02,-1.599031155414010474e-01,-5.159600072913174407e-02,4.243578924123666413e-02,-2.150970662250674750e-02,1.369692996316972111e-01,-9.303227249757411998e-02,-2.520379042586984655e-02,3.365961800114225522e-02,4.225304283793319612e-03,-7.578968257238601069e-02,-2.750815927112023815e-02,1.592227647669517202e-02,-2.059924683412260940e-02,1.812001255724826343e-01
1.579801297992134979e-01,-7.390802918748547862e-03,-1.871205603511986310e-02,-8.557260033828150911e-03,-1.479135144296732096e-01,-7.627342169028018815e-02,6.167933563287928550e-02,-1.578722119104951707e-02,1.157657327206134679e-01,-1.071567796932912514e-01,-2.715638277753377322e-02,4.501216259994213209e-02,5.800172212464880898e-03,-6.534854997673492094e-02,-3.495324846294575738e-02,1.924223405228337944e-02,-2.021318557556983989e-02,1.789516676237693227e-01
1.560275875851912242e-01,9.412910495481799714e-03,-6.730429243685787100e-02,-6.719483126299524278e-04,-1.239939536996682162e-01,-9.671827430025144168e-02,7.747512120895698462e-02,-6.726716514245106339e-03,9.107972267984376646e-02,-1.174236464054161655e-01,-2.796708681687702647e-02,5.522481090433927625e-02,8.037219262076771703e-03,-5.383320171193459874e-02,-4.200385479899561986e-02,2.220483367564663954e-02,-1.955220429962839512e-02,1.764536294509384817e-01
1.373537724980330166e-01,2.449892471175602396e-02,-1.087310606836336541e-01,6.460755255588000734e-03,-9.408414027742462160e-02,-1.144384868559202434e-01,9.213331233465527070e-02,1.699789768716018518e-03,6.202986686564162383e-02,-1.265053677423142175e-01,-2.870300884188495966e-02,6.440331700395342251e-02,9.653733154389472840e-03,-4.155849641337198974e-02,-4.823098899995376804e-02,2.517682317167557055e-02,-1.887601225974933072e-02,1.739286822690002121e-01
1.034644851198264770e-01,3.539138189680955671e-02,-1.411204702688764190e-01,1.099675131347824936e-02,-5.658467583797101297e-02,-1.268857910770197217e-01,1.027963512178125399e-01,8.333018855061866126e-03,2.951472734220006791e-02,-1.316657683010651891e-01,-2.872778776548079449e-02,7.205120712956458728e-02,1.115046552278395678e-02,-2.866632668044413051e-02,-5.412311148954758455e-02,2.794733371887651169e-02,-1.819623729050253227e-02,1.712323392068429984e-01
5.996253223812590682e-02,4.022546224552586702e-02,-1.630379639243781931e-01,1.394607485282113764e-02,-1.493968265036870087e-02,-1.331580370342558550e-01,1.099833055018034772e-01,1.642467473484087240e-02,-3.050726056930519459e-03,-1.335298574121509541e-01,-2.730172530701228950e-02,7.852458231187946225e-02,1.287766472675030277e-02,-1.561228157058874855e-02,-6.004280328298677166e-02,3.053916362336724089e-02,-1.730491155266434058e-02,1.683606493560321216e-01
8.762944922504367976e-03,3.897544206390018279e-02,-1.637992536795755127e-01,1.950860494314909238e-02,3.011638789912659056e-02,-1.315763055614492805e-01,1.100746753579451981e-01,2.346761558951281079e-02,-3.618703991752054289e-02,-1.330485902812102439e-01,-2.541751171372297335e-02,8.282175178054425324e-02,1.457289448788726474e-02,-1.492079449122826924e-03,-6.516975517779112492e-02,3.291186798473567932e-02,-1.658479904649964518e-02,1.652784240857888554e-01
-4.467119146630049720e-02,3.393222120556530635e-02,-1.460265220079739468e-01,2.262334908385660315e-02,7.193449587054560890e-02,-1.265903164489201871e-01,1.056332578299389313e-01,2.805349446675192704e-02,-6.937267975007943566e-02,-1.308316400806428248e-01,-2.242322778742865397e-02,8.487182158327161163e-02,1.554818475631675190e-02,1.341926382478658177e-02,-7.018813744973162461e-02,3.479071443104151534e-02,-1.579842062843743802e-02,1.619415498472008830e-01
-9.791881343088490453e-02,2.602610066788558357e-02,-1.074099352434010335e-01,2.102189403845291724e-02,1.037559201452636359e-01,-1.148127008437805768e-01,9.285971311925246552e-02,3.018898911506196284e-02,-1.021715175038381690e-01,-1.242395159164357554e-01,-1.859084267484332337e-02,8.433528880889459844e-02,1.631707129986018426e-02,2.898668132498678773e-02,-7.427356951597151313e-02,3.600277383718997887e-02,-1.467204274763999304e-02,1.582999723275939352e-01
-1.357873206197864335e-01,1.555356880200454463e-02,-5.546088874427094334e-02,1.610719948596794210e-02,1.263786181921510154e-01,-9.614639095788603262e-02,7.315140532153886765e-02,3.277186830988294830e-02,-1.322663516463189470e-01,-1.136603927991760299e-01,-1.456067957210262741e-02,8.091752571710182640e-02,1.689611338147505720e-02,4.441723285957822898e-02,-7.703749522168013009e-02,3.692660423065936143e-02,-1.368351203763350406e-02,1.543804260102690507e-01
-1.570465394338598220e-01,6.171060255869049820e-03,8.000444132500370269e-04,8.085609584595620722e-03,1.388402973890791314e-01,-7.050505673465154444e-02,5.136764842600546194e-02,3.471594377019995847e-02,-1.586134066249984265e-01,-1.026267096486401381e-01,-1.058119781800640619e-02,7.627426982967164260e-02,1.767793146179307689e-02,5.839572234888903979e-02,-7.970634776456485271e-02,3.752255053660401296e-02,-1.276594022528726620e-02,1.504423144598575068e-01
-1.559048507945811624e-01,-4.678653900977366130e-03,5.751621576919339895e-02,2.147044022699552603e-03,1.395528119075962747e-01,-3.940235259985091359e-02,2.692805063659191311e-02,3.662865614306307777e-02,-1.787367285609147705e-01,-8.936556573719575680e-02,-7.111369597747163596e-03,6.950290605861673965e-02,1.922635841874765703e-02,7.127539231513740914e-02,-8.200043957670292982e-02,3.766497228654017843e-02,-1.170953581970089405e-02,1.463654899431754419e-01
-1.347993041954041737e-01,-1.642533929791894012e-02,1.072301967718989613e-01,-4.309632867690467960e-03,1.292033931682717018e-01,-3.404487189957145811e-03,1.273744156189424940e-03,3.498526379337823372e-02,-1.919100300462944497e-01,-7.054013953114550428e-02,-4.052695887967679676e-03,6.086669264654865491e-02,2.056963764241823145e-02,8.372250160734596991e-02,-8.296480608728172557e-02,3.737632668504212163e-02,-1.063358418632938396e-02,1.422959751018625929e-01
-9.989330819726451038e-02,-2.406785283977795967e-02,1.445854738949473306e-01,-9.504900377659509722e-03,1.094639553694527201e-01,3.205024378334428437e-02,-2.438060944774221236e-02,3.322877692434605262e-02,-1.939618633889918786e-01,-4.940082853988724682e-02,6.173914752912983009e-04,5.169585390497987570e-02,2.069096363801162936e-02,9.521805380444978151e-02,-8.296133345194385555e-02,3.672019582152023787e-02,-9.775001143405568846e-03,1.380689105270656303e-01
-4.779464523668303100e-02,-2.747679658500062558e-02,1.675597049656369075e-01,-1.445328760967209449e-02,8.119203250253906323e-02,6.459372882168422370e-02,-4.706691873711287694e-02,3.010902131384624036e-02,-1.891791065362178337e-01,-2.624398958840295712e-02,5.214578882621334621e-03,4.003106281735680644e-02,1.939323394051242072e-02,1.061581669258719329e-01,-8.221633074644461858e-02,3.625069860757226814e-02,-9.426996073540631904e-03,1.338604393443336704e-01
1.441813710554099189e-02,-2.525991134601728375e-02,1.767792509351063246e-01,-1.933663028375573120e-02,4.578494032252913848e-02,9.318061009456672650e-02,-6.611333365564966980e-02,2.650963644359991336e-02,-1.806165587907687387e-01,-2.844876660614941311e-03,9.670861057084471912e-03,2.975219845221563700e-02,1.882668249976331837e-02,1.168317173780992896e-01,-8.067065765273746802e-02,3.613379238086950745e-02,-8.942979293093164528e-03,1.294192959603489568e-01
7.398660800663164894e-02,-2.419228795049145272e-02,1.663245351083915413e-01,-2.187953076099759947e-02,3.980090946024365112e-03,1.142463547936126006e-01,-8.202586817807992758e-02,2.351217133901446418e-02,-1.659138176339051141e-01,1.874512132029762523e-02,1.297350850701799521e-02,1.912123608611368542e-02,1.772522391755477697e-02,1.265881604797618465e-01,-7.916856207160512249e-02,3.555355164197595425e-02,-8.406108089516143439e-03,1.248516089922560857e-01
1.243959115389317582e-01,-2.218515819803273947e-02,1.387735165207210908e-01,-1.910716856879342632e-02,-3.386848385540282280e-02,1.308430671855834726e-01,-9.400826669710861394e-02,1.827157294873171800e-02,-1.457091299854168798e-01,4.081567255897665392e-02,1.452340694570026201e-02,7.793894739341035438e-03,1.655005553430863655e-02,1.345311419950009912e-01,-7.768156027950633147e-02,3.479752864098241416e-02,-7.770755664348889119e-03,1.203341239293041764e-01
1.578077496909706112e-01,-1.889534254821174236e-02,9.479954372398474716e-02,-1.550949388599325539e-02,-7.167226262570644546e-02,1.373600206598782347e-01,-9.935233406185148275e-02,1.224483194371518875e-02,-1.222120070151156423e-01,6.256516234651798847e-02,1.636888186695248382e-02,-2.530099506000673282e-03,1.518602742951236789e-02,1.408522794022520619e-01,-7.560010107653569733e-02,3.411768142041653185e-02,-7.347959773597029579e-03,1.157073948909501243e-01
1.771341983778150220e-01,-1.300216394589852852e-02,4.114660648986192409e-02,-1.260949150606710534e-02,-1.074187440001006383e-01,1.368235476258198857e-01,-1.003758767706120214e-01,7.082642673273651344e-03,-9.635386097369091907e-02,8.284792517027855796e-02,1.930284026890606228e-02,-1.412239469063369425e-02,1.468303651266510829e-02,1.441311209578591268e-01,-7.291607436461507163e-02,3.317173266179162389e-02,-6.877412816348495161e-03,1.111748355103086561e-01
1.742436087348495644e-01,-2.648715714393812606e-03,-1.794192189068447713e-02,-7.374012304084544972e-03,-1.366543129416847302e-01,1.309940811783260328e-01,-9.603507097348223942e-02,6.166930358118974734e-04,-6.869122253292109237e-02,1.014310670974969131e-01,2.084702079692863155e-02,-2.404650050685221141e-02,1.451745229341720560e-02,1.459844651494211221e-01,-6.950261035380247976e-02,3.185996998128630409e-02,-6.403046353252500947e-03,1.066315723137042093e-01
1.441152508972809998e-01,7.946972144197667759e-03,-7.282717866467486312e-02,-2.587893063286925144e-03,-1.493061147028591495e-01,1.177981467141916566e-01,-8.752715361822872853e-02,-3.493067909249395701e-03,-3.990091929106194535e-02,1.173144812094742140e-01,2.183274303637481456e-02,-3.266143607401024440e-02,1.349144433051975046e-02,1.471452506099176494e-01,-6.700591114752824096e-02,3.045604243891090329e-02,-6.012909046341364215e-03,1.019454126323078580e-01
9.433420777010483038e-02,1.940235088144252190e-02,-1.241786377069124953e-01,6.251678571194123780e-05,-1.486942249717966014e-01,9.990631456820758816e-02,-7.336706314362903547e-02,-5.530895473379146728e-03,-1.084524933511716790e-02,1.306634730603750960e-01,2.232083780848674592e-02,-4.029773383371253181e-02,1.303744253555560138e-02,1.472547703549186293e-01,-6.561313579995223244e-02,2.896320009847374449e-02,-5.556272506428474797e-03,9.731852267962702585e-02
2.752839941411725638e-02,2.764363783103182537e-02,-1.636136160620760283e-01,7.188735037702123458e-03,-1.414442194649724871e-01,7.787625693046004716e-02,-5.860208678668705345e-02,-6.732277359013847350e-03,1.624697360171708377e-02,1.415947436620584865e-01,2.282898379535506367e-02,-4.665403677123582116e-02,1.356903262654542315e-02,1.458705161377256143e-01,-6.395661715059532126e-02,2.764065876336318020e-02,-5.003805192037357429e-03,9.267229635849516534e-02
-3.779847567737013025e-02,3.450199818140037289e-02,-1.911071631059859111e-01,1.358751535344743591e-02,-1.245836479731293606e-01,5.253023620310530439e-02,-4.372729919433168688e-02,-7.592905320511177981e-03,4.442770667228183867e-02,1.493087949303927020e-01,2.311691783323325741e-02,-5.068468919004387452e-02,1.389580419445953820e-02,1.448247876599565720e-01,-6.237506989711937011e-02,2.603733006635662942e-02,-4.295848072678559899e-03,8.788661838620409616e-02
-9.376158143173378423e-02,3.809918042858695397e-02,-2.025634761090409908e-01,2.078787508135350112e-02,-9.506456032528315392e-02,2.499179419311560804e-02,-2.214879584985527533e-02,-9.224441485656329279e-03,6.784113482087314462e-02,1.546520132167807926e-01,2.253314500042949073e-02,-5.386011569364311524e-02,1.373761215800420321e-02,1.419929294262311514e-01,-6.016239474616440208e-02,2.447049767743456061e-02,-3.839155426420611840e-03,8.305364979320344065e-02
-1.402429742030111004e-01,3.275163308026871750e-02,-1.924273829762548071e-01,2.439930491855039560e-02,-6.092971293443939784e-02,-3.161519171200038742e-03,-7.036815233352711153e-04,-1.051037598944477500e-02,8.476903824034184853e-02,1.581967069104873447e-01,2.181475165413655076e-02,-5.692638837627208431e-02,1.315690214849108038e-02,1.388084505848803663e-01,-5.671215874089068770e-02,2.304132213387111508e-02,-3.553202098243939989e-03,7.832418712584743314e-02
-1.652380476595113057e-01,2.293592635884752345e-02,-1.658091346196027827e-01,2.363557633165014327e-02,-2.757219540246362566e-02,-2.797341027233669203e-02,1.806298599847808856e-02,-1.393710150657201732e-02,1.004608411356821551e-01,1.594990052869029729e-01,2.169793704637467888e-02,-6.011757698536882022e-02,1.228832565075056032e-02,1.332703455969859452e-01,-5.366257420466759298e-02,2.126978485818773607e-02,-3.193265892533098029e-03,7.371618782825080374e-02
-1.798638908923187174e-01,1.291178400922992839e-02,-1.284135576895885644e-01,1.822669858811161100e-02,7.383702986951331225e-03,-5.418092479995609279e-02,3.630590780478659685e-02,-1.333096750969352609e-02,1.123140198538909867e-01,1.582329929316476647e-01,2.127726049732661662e-02,-6.205110094629080059e-02,1.099604259195026933e-02,1.262303593748794472e-01,-4.990337209709994060e-02,1.941618088039240297e-02,-2.660629526967062727e-03,6.926869454965553508e-02
-1.719650927657709050e-01,3.364492413193143072e-03,-7.735733814486332738e-02,1.454175222414573303e-02,4.329143846739371554e-02,-7.895483157123978080e-02,5.072863766345606790e-02,-1.370640065498112022e-02,1.207786317703865298e-01,1.559895329903926153e-01,2.188694948167688170e-02,-6.410633667154060078e-02,9.920348375895862020e-03,1.185203638776035628e-01,-4.568676001223078570e-02,1.811836839550028805e-02,-2.378237850562286895e-03,6.490985343508777483e-02
-1.435186369230855852e-01,-3.109166838939732801e-03,-2.542084100150012599e-02,1.317144204567035834e-02,7.507252876038092437e-02,-9.895505862775155759e-02,6.293712390950233215e-02,-1.550972808628981077e-02,1.252587641913743555e-01,1.519837225499721667e-01,2.182952661782410972e-02,-6.547740966053279543e-02,9.723988140583518167e-03,1.112775168795395592e-01,-4.111953511766937991e-02,1.724261722554719378e-02,-2.298242337291789804e-03,6.057623821306343942e-02
-1.000459870034330206e-01,-1.029863068532478783e-02,2.413759120238944886e-02,8.668462241763890200e-03,1.003995501411850677e-01,-1.143530729376540656e-01,7.580503282022112155e-02,-1.802302378116513518e-02,1.271427640281226346e-01,1.459547914635712373e-01,2.131042281677163544e-02,-6.579237636947077306e-02,9.829943150110088262e-03,1.035094624457761625e-01,-3.618379438395680908e-02,1.620078824618925370e-02,-2.261641022305609181e-03,5.625293314313373205e-02
-5.033725796530377078e-02,-1.599802509381765409e-02,6.450387588755740476e-02,5.707838439180222372e-03,1.197053132119032248e-01,-1.221787451415389941e-01,8.258965685465841089e-02,-1.931506576258118155e-02,1.265880331508797141e-01,1.366908224607018274e-01,2.060940942696679740e-02,-6.432375519767742633e-02,9.031230719233264426e-03,9.629855664062807186e-02,-3.221335590808313554e-02,1.474951681220325501e-02,-2.271401266919299312e-03,5.179175865286993197e-02
4.370509145486386679e-03,-1.262456641167672075e-02,9.900477791021897178e-02,-2.576673144948778377e-04,1.334052367681211604e-01,-1.254354642705393652e-01,8.481896954944846689e-02,-2.103612960086557321e-02,1.253157545585380228e-01,1.272711086300449268e-01,1.842569544393117195e-02,-6.146382426428686346e-02,7.088199140517332034e-03,9.014028710115669363e-02,-2.881694098967855014e-02,1.323950429448644828e-02,-2.227185987453768942e-03,4.727981633617363288e-02
5.298505769518868647e-02,-9.079759995451439775e-03,1.294665037728076340e-01,-6.080975225557747575e-03,1.393579979691058346e-01,-1.262903344360218061e-01,8.493145852062429502e-02,-2.288556258736500898e-02,1.189495655189888451e-01,1.178915211343689040e-01,1.691189506844353180e-02,-5.932257853788774904e-02,6.627805243107064495e-03,8.304135993353128908e-02,-2.521809451322275589e-02,1.187778776915739826e-02,-2.082057990218805395e-03,4.285314551104737330e-02
9.208149733265728887e-02,-8.419389097840731390e-03,1.498639094559666152e-01,-1.046286749998343903e-02,1.419529932650104576e-01,-1.232206234394455230e-01,8.468013743624061562e-02,-2.247014234973036123e-02,1.127401313607499650e-01,1.063477520311020830e-01,1.483042495976088712e-02,-5.602889982480222658e-02,5.796261531474886271e-03,7.600384812062264961e-02,-2.208250159149125966e-02,1.032935658450696501e-02,-1.782677644568939762e-03,3.841811836052411860e-02
1.224687347129584103e-01,-1.090103532878386981e-02,1.616742516535591700e-01,-1.589013482500996680e-02,1.410449831271043952e-01,-1.166466560262524044e-01,8.216994267428463783e-02,-1.918228358496278443e-02,1.031197284923432017e-01,9.385199969106672313e-02,1.359911280436996994e-02,-5.268056076149264799e-02,4.985236034302234324e-03,6.917448679422853741e-02,-1.870395174916438669e-02,9.469459435678048709e-03,-1.780227428213727175e-03,3.407992809825994424e-02
1.486235317262805666e-01,-1.013117200256143796e-02,1.619554449523225303e-01,-2.215439130654886860e-02,1.352862843806654503e-01,-1.062583394618232119e-01,7.524946477677768586e-02,-1.662346325105143810e-02,9.325448567592387050e-02,8.178705906318105290e-02,1.192198725023969202e-02,-4.834840582741945642e-02,4.496504657654801403e-03,6.117496990466456813e-02,-1.549535248721454518e-02,8.689496422596712510e-03,-1.737114231493926565e-03,2.996277403007312212e-02
1.590655356381822927e-01,-1.115977275357055501e-02,1.588832954955181620e-01,-2.597903859272475413e-02,1.243613812902881893e-01,-9.428600734805674122e-02,6.598074471873402458e-02,-1.490134215905983446e-02,7.824287597047706322e-02,6.996611299902234793e-02,9.733980527324390467e-03,-4.397570920497657215e-02,3.396513634266583575e-03,5.286983062734589706e-02,-1.206303350346533444e-02,7.527978538179698996e-03,-1.829988322599737129e-03,2.599059180828916168e-02
1.573466861545257667e-01,-1.126030104823969383e-02,1.481745253995328249e-01,-2.647867176511950818e-02,1.107789999867046377e-01,-8.077090761637492622e-02,5.674659664113596014e-02,-1.121823334231749486e-02,6.321428807320574050e-02,5.757095971668746426e-02,8.027308402716367558e-03,-3.886782792854224372e-02,2.855362234375551263e-03,4.517568821910902116e-02,-9.188642158714080410e-03,6.643967982329734671e-03,-1.633840056228540822e-03,2.213657287366110199e-02
1.515242843645495108e-01,-9.144404275801204865e-03,1.293091208839377004e-01,-2.641256636931689147e-02,9.541934987329886431e-02,-6.652121663295042231e-02,4.424170668739937223e-02,-7.854979583908371088e-03,5.283488320178415798e-02,4.534401260156740998e-02,6.406078144035925494e-03,-3.236181767935367853e-02,2.689156302185576313e-03,3.694071484206194050e-02,-6.216036691492746180e-03,4.873743304120566229e-03,-1.396685299069790357e-03,1.831260625886148644e-02
1.375935842434692358e-01,-5.475226439420831023e-03,1.005990992672188972e-01,-1.953633592053729759e-02,7.811351599819296720e-02,-5.208427903678825022e-02,3.244176558919008302e-02,-5.460938060789300927e-03,4.319828186654568747e-02,3.262602724538728877e-02,3.566845021736648851e-03,-2.638819077962097776e-02,2.081444097473744790e-03,2.943343294735750390e-02,-3.652007975571796173e-03,2.548261968998095754e-03,-1.047449854764436307e-03,1.503208774792554742e-02
1.109443933094608342e-01,-1.795257661175758863e-03,7.460267774365592075e-02,-1.129578230276542632e-02,5.966635906290878449e-02,-3.773929399953064590e-02,2.002788698119074839e-02,-4.728261172171998976e-03,3.449649483139058392e-02,2.010441850124774013e-02,5.624174479623633358e-04,-1.952872755943736022e-02,4.126191493302913248e-04,2.160884641173903276e-02,-1.519129987536857332e-03,7.385547816981709182e-04,-9.910838413255877808e-04,1.219428902767330687e-02
8.650238092588850847e-02,1.617889020231752593e-04,5.020757728515425067e-02,-5.068213978442301371e-03,4.431003873033982632e-02,-2.312925068828376035e-02,7.189877241957627445e-03,-5.090702578836835135e-03,2.564201883381699021e-02,1.056538793666040275e-02,-1.413063224279772264e-03,-1.347436136375512045e-02,4.721179877933463927e-04,1.620065175368149910e-02,-6.254261418455268354e-06,-2.907316460811899773e-04,-6.749825808239525967e-04,8.936674852441761630e-03
5.933988729118847005e-02,3.941412705051183926e-04,2.637225538866734900e-02,-1.356248762916870956e-03,2.956828909714556697e-02,-1.314457267707132802e-02,2.021380488650756282e-03,-4.453897058169197821e-03,1.573388029939973634e-02,4.581209518602579432e-03,-3.458006284764742182e-03,-9.176019609097904595e-03,9.588481371217646862e-06,1.070788063973083896e-02,1.244946670379803999e-03,-1.116954126107346217e-03,-7.614535943567206757e-04,5.764068027834494921e-03
2.183476166106804520e-02,-1.444537417912526277e-03,5.469040557962856139e-03,-1.026708554088558763e-03,1.413871438645888066e-02,-5.365309541220796008e-03,1.536054789997169971e-04,-1.261080778318999238e-03,5.640561927545788105e-03,2.737181466425236761e-05,-1.869592913868581069e-03,-3.773830563115127597e-03,-2.006913712814690771e-04,4.872278133796537937e-03,1.616920673491485877e-03,-1.178780211184855559e-03,-5.101741400972489718e-04,2.462128415097537999e-03
8.874398911331622302e-17,3.021654514812960581e-18,-6.634520658380692118e-18,-6.648634360239022884e-18,6.165201207730035542e-17,8.387294697313775789e-18,-4.204169981438870524e-18,-1.669919086030939014e-17,8.222001104957752523e-19,-2.327014713237741508e-17,-1.479533925558418598e-17,-1.134174298106634690e-17,2.261960979363783282e-18,1.969676398359722183e-17,1.160594581636994137e-17,-1.859195283934166423e-17,-5.946153471173718635e-18,6.683472010015722124e-18
-9.200212838567278617e-19,-4.584517144577484704e-18,-1.073702487182371930e-17,1.912492464497007037e-18,1.369944423343478693e-17,-7.156941429446853285e-19,-7.457608965019489778e-18,-4.564561031336420682e-19,2.262146280953896043e-18,-2.637404018076729053e-18,-6.158448963619574184e-18,-3.327107096137167588e-18,-2.563892415521847942e-18,3.371841403169751135e-18,2.674409103142967316e-19,-1.741696520901105724e-18,1.910299378224476483e-19,2.076986858082712505e-18
1.300576521316456268e-03,-7.077724037163718798e-03,-1.776250278010929650e-03,5.392908479577408244e-03,4.088066602661077952e-04,-3.799200210873404323e-05,-2.047107176525597792e-03,1.646614019476206475e-03,-5.775564082643789123e-04,2.357954313450602926e-03,5.072506819301827834e-03,8.441496762538467855e-03,2.063476558792571094e-03,1.283145740581759188e-03,1.385444978295010537e-03,-1.166649472151903150e-03,-1.008087264685100402e-03,-5.529223123358526729e-04
3.391743476941998930e-03,-1.129723872290160774e-02,-8.954930536576979948e-04,1.017301208786297075e-02,-1.503288642100483003e-03,-1.042158316742529400e-03,-2.747800924070148421e-03,4.156629050415272010e-03,-2.660145650068125676e-04,5.554549131304083696e-03,1.229528265039699433e-02,1.888613102834225954e-02,4.800946658604487299e-03,9.339785381649780976e-04,2.566777126432921111e-03,-2.188949993955839873e-03,-2.047077733422518909e-03,-1.139599249207676667e-03
3.140713561081101991e-03,-1.429457302822097382e-02,-6.073515082463050744e-04,1.348202873647460880e-02,-1.961572306738326981e-03,-2.287095504924559902e-03,-4.464586720893415697e-03,5.980677762982684192e-03,1.450975303392707406e-03,9.457073929431767528e-03,1.942087482213110047e-02,3.022640885848996636e-02,6.947699239343763447e-03,4.309781325443424104e-04,3.671459123311235535e-03,-3.626764494932751669e-03,-3.005772161339387901e-03,-1.445415860126704694e-03
3.435705164834603701e-03,-1.615753376270382888e-02,-1.057518531873419786e-03,1.609695933289058065e-02,-1.592052109040294639e-03,-3.189618347031671595e-03,-5.983195861552857882e-03,7.917420766994514442e-03,3.543288126223771792e-03,1.331835521960226740e-02,2.766337498125990071e-02,4.260903418042099461e-02,9.574017749113594711e-03,8.202304129855630098e-05,4.870533968580542834e-03,-5.301260694572880461e-03,-3.989302264041800702e-03,-1.653577190078078969e-03
2.826039426706048775e-03,-1.788826977880389815e-02,-6.811119604405466241e-04,1.862279933141345115e-02,-1.036536933401544435e-03,-4.119522017012046747e-03,-7.318132152717422671e-03,9.974168346365415785e-03,5.958266072857293372e-03,1.626516228303265255e-02,3.503297806642820950e-02,5.357080178192917541e-02,1.155706312233657600e-02,-4.529292867723022208e-04,6.005502303933304975e-03,-6.844942139529637537e-03,-4.884068850906107817e-03,-1.867702368498237514e-03
2.422914868377460187e-03,-1.819733393313616512e-02,5.140463373836525818e-04,2.120638454273306855e-02,-3.944161441645255045e-04,-4.838031757307622444e-03,-8.443207287649199047e-03,1.147257584781250471e-02,8.581715323101143239e-03,1.965211002959788705e-02,4.341706855714187741e-02,6.510495659376075439e-02,1.380169076048053459e-02,-6.445771221027344093e-04,7.565533972188169531e-03,-8.484332858127434374e-03,-5.886378082802143016e-03,-2.052940932184004093e-03
3.642961737981309858e-03,-2.017562743644315745e-02,3.055359629780902888e-04,2.399412148911474543e-02,1.294585364386246660e-03,-5.103279814905106564e-03,-9.913305749370378978e-03,1.335851016602760538e-02,1.059039344811105871e-02,2.292058445598212438e-02,5.027409369409473194e-02,7.530196992950292934e-02,1.596120911189533031e-02,-7.990650168999395174e-04,8.678966890680123170e-03,-1.012610436776474089e-02,-6.678341970856407385e-03,-2.289438356887161727e-03
4.012071738722105922e-03,-2.074933483507922227e-02,-1.135348130242089791e-04,2.573585708034638320e-02,2.898888583761242109e-03,-5.241671740972553978e-03,-1.148638231691936039e-02,1.491277944886627155e-02,1.249691841567220074e-02,2.611811269956154993e-02,5.686855032402539367e-02,8.506563497749218550e-02,1.803034968050812661e-02,-6.830152047753838569e-04,9.882981401500614757e-03,-1.169337098572747688e-02,-7.541002333985702584e-03,-2.537523187386583542e-03
5.008498260182271677e-03,-2.162614388240184302e-02,-3.190587648514662806e-04,2.763407460430389317e-02,4.843578490053829406e-03,-5.276103482327001992e-03,-1.298740634987242439e-02,1.617986406416239975e-02,1.431095265740229411e-02,2.940662313942708772e-02,6.347716062985551966e-02,9.471455924517459268e-02,2.021390433390276437e-02,-3.835928469849975283e-04,1.108191167407917080e-02,-1.321477781195200436e-02,-8.382998086581281219e-03,-2.739832439785729306e-03
6.079851347311635880e-03,-2.259330450468247098e-02,-5.768604764727326912e-04,2.969383060516831221e-02,6.500959612100704922e-03,-5.263986790715164364e-03,-1.435843658320672817e-02,1.774729488576694617e-02,1.625962676158525244e-02,3.252126057222835126e-02,7.003736212494457436e-02,1.047458415031130852e-01,2.220589135366630995e-02,-3.347884529836439018e-04,1.229567247484443342e-02,-1.475106270443285808e-02,-9.235787498740596208e-03,-2.965977164726595929e-03
7.441541168091646806e-03,-2.379215934326930557e-02,-1.672247567376776390e-03,3.149976201072291621e-02,7.923571384797829797e-03,-5.202093698719434389e-03,-1.598250266117573481e-02,1.965749592947042129e-02,1.829474886250713472e-02,3.577697496719261377e-02,7.625472842510175320e-02,1.141137347801051277e-01,2.443571131729668430e-02,-2.087959334622800027e-04,1.337346907632925089e-02,-1.631960403012387706e-02,-1.010157336165778616e-02,-3.134588438157466690e-03
8.805194860412450183e-03,-2.495155678830800194e-02,-2.874504705874802134e-03,3.318752940722170808e-02,8.933906737660000930e-03,-5.114615288478160070e-03,-1.738378112932347647e-02,2.104271449231214994e-02,2.062022428254990311e-02,3.877091330642458422e-02,8.303516348550242510e-02,1.240229188959823259e-01,2.692795061056704395e-02,-1.017231399337209844e-04,1.458736453503467305e-02,-1.783831528968901625e-02,-1.101229839231428025e-02,-3.273281793718413758e-03
9.847947502044443469e-03,-2.528892090969862838e-02,-3.763176529288530560e-03,3.409458107186750381e-02,9.219859897345222821e-03,-5.460032488683467036e-03,-1.867856762393554221e-02,2.197323009939649782e-02,2.318785268232453206e-02,4.137984725862526442e-02,8.929933458943044300e-02,1.333956806431849940e-01,2.924975750930412788e-02,-3.029398426571405247e-04,1.584896932500844124e-02,-1.926845548964722932e-02,-1.196202673585082879e-02,-3.402782795247075685e-03
1.012662906659770462e-02,-2.541787817447365219e-02,-4.305825680032691720e-03,3.549156114748029667e-02,1.007024563887213078e-02,-6.113679036527368271e-03,-2.034796769393478616e-02,2.300468788871790071e-02,2.553306878313477135e-02,4.438974917330949788e-02,9.624389400232818970e-02,1.432186930229366606e-01,3.137323545464634766e-02,-4.335584445831471099e-04,1.716972061161397417e-02,-2.079678014558312277e-02,-1.286530485342215861e-02,-3.566136514010181339e-03
1.162977467288062519e-02,-2.680780880265555208e-02,-4.804291577922607803e-03,3.751493946140463387e-02,1.190317997563479502e-02,-6.549716267747768099e-03,-2.206229649404261445e-02,2.431293239397824130e-02,2.771978530773496624e-02,4.698703499795286315e-02,1.018470263460522635e-01,1.520647407722318656e-01,3.321398941876604199e-02,-3.981572338650184997e-04,1.830164038666997478e-02,-2.237017074715969001e-02,-1.363901677225754124e-02,-3.774859268771261957e-03
1.246550272420063679e-02,-2.732055654440055173e-02,-4.975562799550907467e-03,3.872678103567678970e-02,1.343019846314007226e-02,-6.426809841488954379e-03,-2.324667322802120850e-02,2.578288561321388783e-02,3.010879586830105675e-02,4.935493628268727839e-02,1.072509119107482728e-01,1.611697629449766467e-01,3.520170684857785309e-02,-4.413325107861943287e-04,1.949686504339132043e-02,-2.382733508122030983e-02,-1.455626106573348899e-02,-3.938852454138731460e-03
1.260580274596830377e-02,-2.753825258690879504e-02,-4.457148348318208664e-03,3.891908799257699086e-02,1.513104758015737517e-02,-6.051745402982036497e-03,-2.437199504711034040e-02,2.673156031907551397e-02,3.150492993654389895e-02,5.096741713001654711e-02,1.114161693366236411e-01,1.685402948683502600e-01,3.701424709026212428e-02,-1.596638698714256967e-04,2.058368340783882713e-02,-2.519673913747919741e-02,-1.547959966442939185e-02,-4.066023826897392779e-03
1.305504173692979483e-02,-2.794952009466660642e-02,-4.466546274570620638e-03,3.919095518569448017e-02,1.669056002861711921e-02,-6.174804340759798733e-03,-2.551001886279619796e-02,2.759452300932954683e-02,3.297841238440606115e-02,5.270768613008611908e-02,1.153455166517595026e-01,1.755197299897127139e-01,3.874703810787454017e-02,7.104884179285474329e-05,2.165763186188251338e-02,-2.655305253601333154e-02,-1.637689744066878408e-02,-4.192840527879060537e-03
1.344839801118531165e-02,-2.867347648460856144e-02,-5.037121949764991787e-03,4.009091952738644965e-02,1.759887587457643551e-02,-6.527878166511640393e-03,-2.682822286113195967e-02,2.874488127061045062e-02,3.449034492664041635e-02,5.454933817216134351e-02,1.193444630130322259e-01,1.828140847481688758e-01,4.029864282889494831e-02,1.596787075241513118e-04,2.269476303267332559e-02,-2.788136423994566626e-02,-1.725383857235007409e-02,-4.350203921149943184e-03
1.407440409826628790e-02,-2.987140302726174271e-02,-5.876365811221349357e-03,4.122065584948391564e-02,1.848767220499890340e-02,-6.947169814650168938e-03,-2.809018713020440539e-02,2.970288958712894584e-02,3.610196826689930638e-02,5.624699662958586310e-02,1.230051485391470412e-01,1.898026311878749650e-01,4.168156880141079407e-02,3.724500923169800966e-04,2.361718274415103638e-02,-2.923925546794725605e-02,-1.812644020552687044e-02,-4.534863133969620208e-03
1.491811166392643419e-02,-3.088934363479425849e-02,-7.153714556274747872e-03,4.209155490555698681e-02,1.961592739148957862e-02,-7.104760924227207682e-03,-2.998713578289227341e-02,3.054413746205749888e-02,3.788388894220469372e-02,5.845756522193430033e-02,1.271231627453398016e-01,1.968052276515444565e-01,4.309305680879926825e-02,6.800028300984777745e-04,2.461158653601640267e-02,-3.081028099684929300e-02,-1.897555290097803146e-02,-4.690413893124526640e-03
1.606275269464801578e-02,-3.137661752556194367e-02,-8.223341521249672229e-03,4.189870501175627093e-02,2.021280043817923547e-02,-6.699376997636417863e-03,-3.139250139618060542e-02,3.153500692640301417e-02,3.931406093622452635e-02,6.043773173893441514e-02,1.311984340489860679e-01,2.039013291237905534e-01,4.478329092940259298e-02,7.248535809902899698e-04,2.554822308913162754e-02,-3.226015124587677113e-02,-1.987679080845877744e-02,-4.826654015293558621e-03
1.707182029622001870e-02,-3.137115894739003069e-02,-8.771167723858231888e-03,4.170423584678552981e-02,1.944990492527777157e-02,-5.770579725492708950e-03,-3.277979827119460038e-02,3.253432776725382475e-02,4.022832448588985893e-02,6.238157720881316870e-02,1.358917848356074876e-01,2.114998300378825302e-01,4.670440228596264842e-02,5.164060077109415472e-04,2.642385793329394064e-02,-3.361508152620286405e-02,-2.074215009578122063e-02,-5.005312196183005213e-03
1.151617191072875669e-02,-2.299725558991795940e-02,-2.086523528480183944e-03,3.570478063658915485e-02,1.106429874454487386e-02,-5.701868095773924075e-03,-2.843979898408824369e-02,3.363140206444147767e-02,3.753830887755705420e-02,6.423523955489303383e-02,1.436736683193921005e-01,2.194170063148513650e-01,5.009928503306487063e-02,-2.930926198920697986e-03,2.630749964226878138e-02,-3.269696583688463248e-02,-2.133879203216406534e-02,-6.829997715309745442e-03
-1.831462010908971490e-03,1.992210430254202219e-02,9.514795011041129319e-03,6.751356838808800220e-03,-9.033635519301319323e-04,3.942383843551746508e-03,-1.005432521194055649e-02,2.195371605675787083e-02,2.926363544721065357e-02,5.904109423306332788e-02,1.392341126834367726e-01,1.980698566386590032e-01,4.361238896197958126e-02,-1.077515281525810893e-02,2.238186241552542546e-02,-2.327821163025335996e-02,-1.629352456624474227e-02,-6.366156818758347130e-03
-6.531924800169057466e-03,5.760817661015634611e-02,1.542926859766863106e-02,-1.864686766693598313e-02,-3.838951829752601866e-03,1.680260924073442505e-02,1.188196315687395192e-02,6.822841236638534784e-03,2.332995809977937707e-02,4.930889255839993046e-02,1.342867306404374184e-01,1.684653159550518753e-01,3.552972804570005833e-02,-1.234345772482715181e-02,1.939901489036683149e-02,-1.384834036666562386e-02,-1.065050458739876318e-02,-4.971100132464810820e-03
-8.382396037939455688e-03,9.148694990664867077e-02,2.008337790645297813e-02,-4.308706265760815779e-02,-6.101805208252508196e-03,3.110410183336309586e-02,3.573378186976791659e-02,-1.095717265676942991e-02,1.819803693840988876e-02,3.813582309764521755e-02,1.298475667251977328e-01,1.382362437071112671e-01,2.967628425995521776e-02,-1.260877306278099762e-02,1.761713914392293995e-02,-4.399583359532697330e-03,-6.470084599836299633e-03,-3.608620476610254185e-03
-7.215499787329787522e-03,1.267573930427128848e-01,2.155332773797396378e-02,-7.040565321708837365e-02,-6.579549269372682654e-03,4.692408630479850962e-02,6.172268778559214519e-02,-3.340391392763410183e-02,1.290858357341528005e-02,2.460078260153799115e-02,1.276687874590445027e-01,1.081119013016897806e-01,2.768722300623185917e-02,-1.134634578127604806e-02,1.774427963287417837e-02,5.305162207879131862e-03,-4.021575966532549631e-03,-2.135328675491667948e-03
-6.591369953738410864e-03,1.603597991099616205e-01,2.058280570916794228e-02,-1.046812074217930016e-01,-4.885347890656595304e-03,6.493927532171654693e-02,9.024046898285872920e-02,-6.431393493030268527e-02,8.039192925325681222e-03,8.371211208877626930e-03,1.302947180707166031e-01,7.683458686298408336e-02,3.043825260048378667e-02,-7.992596310593614445e-03,2.073900281876963139e-02,1.580512768575203023e-02,-3.644322196310839299e-03,-1.970368058593816550e-04
-5.171538647367167514e-03,1.841324736106081938e-01,1.898053175665875489e-02,-1.450330139296011622e-01,-1.474866942175755841e-03,8.620068532315751375e-02,1.184817127107432033e-01,-1.034859179777236210e-01,3.879153455573589471e-03,-9.333131741187137426e-03,1.372284264992133518e-01,4.222950829602995643e-02,4.016708788279034492e-02,-3.525844474544749616e-03,2.657661626196652915e-02,2.779842358096147603e-02,-4.980008751363705806e-03,1.886599255520164144e-03
-2.610106875569972919e-03,1.865248139543639605e-01,1.256641751580016113e-02,-1.765773538469012360e-01,7.029369139596261355e-03,1.065776097619219737e-01,1.412406406575000828e-01,-1.473883497450972635e-01,-3.284065815939328763e-03,-3.125401646894824387e-02,1.465249814088456781e-01,3.922305894513845002e-03,5.632580953374406729e-02,2.534361802399503344e-03,3.530187058881466972e-02,4.186503349414479741e-02,-8.189793210930711165e-03,3.659987220724717112e-03
-3.647865429076116352e-03,1.579555195385217159e-01,1.200387612230287014e-05,-1.912746815960616742e-01,1.534323632757824719e-02,1.205890372203107658e-01,1.535360290630777835e-01,-1.882254676806387472e-01,-1.280111031859156902e-02,-5.338473381173203247e-02,1.571643218951885024e-01,-3.432554406845055028e-02,7.746778446033959764e-02,8.971383640348978145e-03,4.742567932395452823e-02,5.840808746189628253e-02,-1.319161312081575631e-02,5.286303020299803514e-03
-5.839944939242060554e-03,9.552509768011077651e-02,-1.518847816299956875e-02,-1.731104744974225618e-01,2.186113372357071510e-02,1.169620987398222317e-01,1.490715519069570061e-01,-2.141348201826432929e-01,-2.253583314223773712e-02,-7.093135468383206244e-02,1.655022788351362684e-01,-6.845961969184234663e-02,1.031679743750247430e-01,1.497816105776399523e-02,6.213939332802873028e-02,7.695727867030058289e-02,-2.081989373304758348e-02,6.566433988460825336e-03
1.939774411010119614e-03,9.260925073436732102e-03,-3.353088688084990970e-02,-1.200478504439536076e-01,2.041770876959093581e-02,9.575629457661055666e-02,1.217566396851763738e-01,-2.185702888090928775e-01,-2.754532226310064946e-02,-8.339174319637575328e-02,1.682227873372144911e-01,-9.497852587436719785e-02,1.286661854747288558e-01,1.939279313570699270e-02,7.826794729995660560e-02,9.559029621700680657e-02,-2.974837059243300164e-02,7.134185052286168803e-03
4.106898124118035613e-03,-7.952338012619226959e-02,-4.497708930800906058e-02,-4.442086190469118900e-02,1.821053426527158292e-02,6.039966941622820079e-02,7.626650241628595006e-02,-2.004300192163400995e-01,-2.800740612558452053e-02,-9.016394132266286610e-02,1.632226774169843186e-01,-1.112456241078741970e-01,1.489123603177520683e-01,2.208057309156686437e-02,9.266526968886823479e-02,1.129644709492690496e-01,-3.939905690235347147e-02,6.906164432563303979e-03
3.748627135768981596e-03,-1.450445437710690400e-01,-4.427038549801207146e-02,3.697501523241758514e-02,1.183944117120310120e-02,1.757174044201001081e-02,1.980145777988830819e-02,-1.604134284258116605e-01,-2.749550565169549959e-02,-9.281439679506019169e-02,1.517936175870111259e-01,-1.192094455125091296e-01,1.637344662930078076e-01,2.346042069925985754e-02,1.048703391628151987e-01,1.271779449658446692e-01,-4.904752432133353129e-02,5.947657817301616433e-03
-7.476798532571367209e-04,-1.796001939220525645e-01,-3.319809525407704104e-02,1.029218941801383624e-01,4.736580978945627469e-03,-2.800550522653655339e-02,-3.421105584174467112e-02,-1.101302306638967249e-01,-2.397784279322557818e-02,-9.084953543144536070e-02,1.338816692140517295e-01,-1.194020175777042170e-01,1.712564881305702891e-01,2.581315194609387978e-02,1.146583475781597361e-01,1.373704088370724941e-01,-5.852233865152179498e-02,4.597881333467816571e-03
-6.158004581246286253e-03,-1.773786392344179619e-01,-1.567666860946105578e-02,1.435516775107397724e-01,-5.238091051759903062e-03,-6.364853212505458546e-02,-7.935698208129730868e-02,-5.099042097560786690e-02,-1.640777942397059555e-02,-8.466635707085964913e-02,1.106651551640530362e-01,-1.124705084044754083e-01,1.715510763275632233e-01,2.830729731321453280e-02,1.227954828925454378e-01,1.442181120504443248e-01,-6.716616083895012024e-02,2.909644425323302044e-03
-6.885979646344181707e-03,-1.344353146714100389e-01,5.098088498585811278e-04,1.612525239336296823e-01,-1.126204613335190889e-02,-8.673577834168626211e-02,-1.127193251861135920e-01,1.052917130740312936e-02,-6.358035273315870532e-03,-7.484013922336960056e-02,8.320970298703073142e-02,-1.020294502038915502e-01,1.666880371145977868e-01,2.965923856123540286e-02,1.294308467334517043e-01,1.480253612028953336e-01,-7.507393032051323800e-02,1.213645181566324650e-03
-3.568116840471818960e-03,-5.897397210870325424e-02,1.557228184093435198e-02,1.582359361323281144e-01,-1.572605018866504376e-02,-9.688260935140106944e-02,-1.300129159246911914e-01,6.940197555603427881e-02,4.863036936676536949e-03,-6.235305880842244991e-02,5.522894241190164089e-02,-8.618181131120034033e-02,1.573762917961324392e-01,2.984344838532174138e-02,1.338142693256932358e-01,1.497779874154246960e-01,-8.214494974389489890e-02,-2.100480406860239999e-04
1.081079061412859588e-03,2.980753133580620398e-02,2.565080660376954994e-02,1.319638328464067811e-01,-1.798964686368093729e-02,-9.813001326634235300e-02,-1.313885864062818987e-01,1.217624912331721626e-01,1.548618827948168228e-02,-4.763783957822040338e-02,2.462878452239630409e-02,-6.678041633602513349e-02,1.448533914007769374e-01,2.969843277401071346e-02,1.358483544182747527e-01,1.495153317595730447e-01,-8.856699205888801663e-02,-1.421272266445458045e-03
3.662460397261502534e-03,1.112706131578396207e-01,3.134140002329879188e-02,7.939173058113617454e-02,-1.592642956108518762e-02,-9.013790720322320538e-02,-1.197602796371673994e-01,1.648757425780140173e-01,2.351915649820489340e-02,-3.188942044580882901e-02,-7.718796222598372885e-03,-4.450821193044911944e-02,1.294049543325803131e-01,2.822460165815149705e-02,1.369719648608739848e-01,1.486564657505167752e-01,-9.492892849579406822e-02,-2.574998343726255141e-03
6.277010823531250540e-03,1.705941371242503390e-01,3.170929692278177253e-02,1.556032760097568468e-02,-1.601429043603406696e-02,-6.985604393447865379e-02,-9.576774549997764396e-02,1.926124953937101147e-01,2.925433729011958986e-02,-1.212778967205102934e-02,-3.784049168684167075e-02,-2.137564456068675664e-02,1.117250730925368613e-01,2.745009389549481899e-02,1.368663680793642257e-01,1.472896444699089702e-01,-1.016260764523748000e-01,-3.534564139928172803e-03
1.781610931664111405e-03,1.967358530874603884e-01,3.182832331514422880e-02,-5.353915448625185675e-02,-1.252566929090006935e-02,-4.112942250124840965e-02,-6.255748366194993637e-02,2.045707004516176541e-01,3.194647394661433853e-02,7.834918804558691982e-03,-6.609306685735638620e-02,-2.306648927674386158e-05,9.081136886651892948e-02,2.571724140750021245e-02,1.346162267067552432e-01,1.459546384017925413e-01,-1.093278424965986456e-01,-4.543142258156964569e-03
-3.394360753357373358e-03,1.875573704475222148e-01,2.422228932476868171e-02,-1.163768306685929177e-01,-6.678596993477072495e-03,-5.117412668272662904e-03,-2.330303081700631218e-02,2.015947130783192764e-01,3.398080294045216498e-02,2.527203988049984279e-02,-9.448158249574664658e-02,2.303998946064365894e-02,6.690278809491075063e-02,2.341366097929722251e-02,1.311919775443953773e-01,1.443531261323816595e-01,-1.169859323180911237e-01,-5.654001955285006993e-03
-6.149699888912442576e-03,1.417381097053940497e-01,9.256604382688231672e-03,-1.609008153082713000e-01,1.604828755568085729e-03,3.091847106284625543e-02,1.886300036348744977e-02,1.831330082683403637e-01,3.196466198196785957e-02,4.087491626736587669e-02,-1.191980934450956320e-01,4.528985050113434885e-02,4.097094987099012681e-02,2.163471555306608479e-02,1.262900146337183616e-01,1.421000453430049382e-01,-1.251751742648428700e-01,-6.571173441430002392e-03
-9.214915713120074015e-03,6.431204559390757414e-02,-7.991170061689275780e-03,-1.823039982151218596e-01,7.127106610597330749e-03,6.481856633733579232e-02,6.091641770446733217e-02,1.516793959492458987e-01,2.799492072937663500e-02,5.411914600106118578e-02,-1.366455173181491678e-01,6.567055257042318794e-02,1.277854386737615339e-02,2.101856457741152137e-02,1.191781415625791513e-01,1.393861847714244206e-01,-1.334627343240410158e-01,-7.446371835325925857e-03
-4.527066828139325941e-03,-2.313624377604205778e-02,-2.263344009484678440e-02,-1.722995317378927527e-01,1.373345838283631520e-02,9.236606342734211827e-02,1.010350099148464853e-01,1.109944488635044441e-01,2.363071285005729008e-02,6.364574438079696750e-02,-1.487989350085887619e-01,8.329318889122222513e-02,-1.602365090063754063e-02,2.094096275160096943e-02,1.097419560502511382e-01,1.362649052746031930e-01,-1.415607862227138691e-01,-8.218101060367738811e-03
-6.781940487366197666e-05,-1.043261727911054537e-01,-3.209169151164301126e-02,-1.358514311763915072e-01,1.842893610839913335e-02,1.091674213436894525e-01,1.311518823714176440e-01,5.868040647190675418e-02,1.681470919317490723e-02,7.020974673154270485e-02,-1.525368686763115544e-01,9.524778707611497586e-02,-4.477418354223616781e-02,1.957444562223032564e-02,9.828542443835933118e-02,1.313007784463177952e-01,-1.504091460432709360e-01,-8.846016747510579425e-03
6.500586542517774449e-04,-1.571203646951979949e-01,-3.408155661296977113e-02,-7.607249084737768841e-02,1.970044985642585567e-02,1.117020386684062644e-01,1.463361828853135260e-01,-1.175441269709197626e-03,6.481157321276053915e-03,7.060406324921837673e-02,-1.488311068820417360e-01,1.019674424078525904e-01,-7.313384930128621897e-02,1.709628588230665061e-02,8.639897942044730272e-02,1.247125944142218751e-01,-1.598429868159489675e-01,-9.843539752184101571e-03
-4.779830925549726590e-04,-1.786120371894800718e-01,-3.016669868458805165e-02,-2.303946901455575409e-03,1.830399769562605222e-02,1.018587140266810492e-01,1.462964408867293842e-01,-6.197522212225475835e-02,-8.378898775168713148e-03,6.816971598979347513e-02,-1.372139750337856845e-01,1.026977807490577210e-01,-9.968296551912302073e-02,1.504186382971323295e-02,7.338372405451493163e-02,1.158751465789957663e-01,-1.694174105533254038e-01,-1.107934931408656974e-02
-1.566380226150475979e-03,-1.628315306576144650e-01,-1.871915271823700044e-02,7.226482318246901793e-02,1.318040705144351774e-02,8.277286396748173569e-02,1.268162707915188869e-01,-1.172034882564233355e-01,-1.995189831054377388e-02,6.314185778448831721e-02,-1.179668650557465642e-01,9.799857469293968282e-02,-1.246160247111607056e-01,1.274073171169557567e-02,5.941505612416632387e-02,1.052768348555642580e-01,-1.787841404799541678e-01,-1.218121941949927914e-02
9.039188304703927321e-04,-1.172882031806336128e-01,-1.289370679106064538e-03,1.337150899574262031e-01,4.526461012364609189e-03,5.597180317982295567e-02,8.958408670946568786e-02,-1.587936903529993671e-01,-2.811918554806036585e-02,5.490889706480710925e-02,-9.113685725153389261e-02,8.578935453145548895e-02,-1.474343203166426364e-01,9.646722456724061284e-03,4.344827448217719601e-02,9.312331927377059948e-02,-1.875324207642539154e-01,-1.331892597706748130e-02
2.230703518840780782e-03,-4.985004369521540968e-02,1.651115827882001022e-02,1.732584210933952318e-01,-4.661156621667984085e-03,2.048237168229384564e-02,4.038053169668762848e-02,-1.831563314681132759e-01,-3.372113076429487932e-02,4.331167786731818931e-02,-5.808214422304787405e-02,6.865173111016278917e-02,-1.667832170769894262e-01,5.925031815655876048e-03,2.596906067117752195e-02,7.962733771214387801e-02,-1.954918763731154641e-01,-1.445228497987894115e-02
-2.533402351393492999e-04,2.652238201406216175e-02,3.133132737073245078e-02,1.798148386705883117e-01,-1.308712877427022428e-02,-2.222053882807579692e-02,-1.430880996869832514e-02,-1.918210368793933918e-01,-3.599270552340201601e-02,2.840087279360672956e-02,-1.977271601391575317e-02,4.828232029899055811e-02,-1.817211431743079031e-01,2.183720151038466995e-03,7.105001055640734753e-03,6.465869946763504184e-02,-2.023669934268333970e-01,-1.541898353330081045e-02
-6.440010070574278328e-04,9.269883485598148787e-02,4.011267600639111669e-02,1.525273755557834954e-01,-2.092237379389454491e-02,-6.370553552163406297e-02,-6.696610583357340274e-02,-1.795962694097759105e-01,-3.363021759570361535e-02,1.174620359590696286e-02,2.038877835223204191e-02,2.538357921157054914e-02,-1.905715697013176113e-01,-2.338322224631357235e-03,-1.234587567934228650e-02,4.868305256920098245e-02,-2.079904733589541810e-01,-1.647824347780239840e-02
-2.804838478249215439e-03,1.402684108762710657e-01,3.718918088991447074e-02,9.672308355162859139e-02,-2.487512197507861511e-02,-9.659287489672600813e-02,-1.091502676312225278e-01,-1.479771325286391159e-01,-3.048292169819529635e-02,-4.969469634037402238e-03,5.843016889056579233e-02,1.110819692323796685e-03,-1.906190385499452189e-01,-6.664101991107834223e-03,-3.287969347489815702e-02,3.134573444622429372e-02,-2.125825624692224414e-01,-1.760925417791545447e-02
-2.312720000031923129e-03,1.591020536656347906e-01,2.475588458822894702e-02,2.512337288691996254e-02,-1.860000219980612046e-02,-1.154555129378810607e-01,-1.360890671205456093e-01,-1.020191432775455487e-01,-2.460022610537970431e-02,-1.907417125841125508e-02,9.336017016779146749e-02,-2.441446630224625158e-02,-1.830623343944156323e-01,-1.104204290463169959e-02,-5.359925490298059897e-02,1.222346274746899386e-02,-2.159266448989027587e-01,-1.894798173394798488e-02
-3.578714279044586683e-04,1.459315781324821426e-01,9.239681421315454335e-03,-5.032619824044715778e-02,-7.891711914455553853e-03,-1.205155671345613244e-01,-1.456350097322887394e-01,-4.566672812725227487e-02,-1.809641387027604090e-02,-3.133105062014116676e-02,1.236960219480933570e-01,-4.869860996810597420e-02,-1.674204031986572805e-01,-1.521517017733512583e-02,-7.331554071274773432e-02,-7.939900932872103953e-03,-2.174276578186766506e-01,-2.056975376876021486e-02
2.112044043263956207e-03,9.949725870614799239e-02,-7.249757385997473470e-03,-1.192909452586718849e-01,-1.128532410870166465e-03,-1.073000696167580592e-01,-1.357685603242285155e-01,1.681575416997157027e-02,-9.424460242314271902e-03,-4.201688526885949404e-02,1.470937618658413326e-01,-7.109134902828331826e-02,-1.451304459659350510e-01,-1.873343136652946828e-02,-8.995723703261761239e-02,-2.901845097383364339e-02,-2.169459006908988352e-01,-2.240073254540063744e-02
2.461449953292539627e-03,2.379698448298786170e-02,-2.099434444485436327e-02,-1.691181449259527014e-01,1.874298134756282241e-03,-7.616148115072307601e-02,-1.046957735517347887e-01,7.968871930581293561e-02,4.523726424445429157e-04,-5.049730423938943169e-02,1.605516285231923246e-01,-8.869804276995273129e-02,-1.163686648736103751e-01,-2.101340982236294189e-02,-1.033930727549674800e-01,-5.080992945529110016e-02,-2.140549571199034939e-01,-2.456111171723005665e-02
-5.867204167457020468e-03,-6.091978798542686813e-02,-3.318577560967830159e-02,-1.849382562017144738e-01,8.634807667951511362e-03,-3.597543033738846707e-02,-5.537893310735519936e-02,1.325991954027020692e-01,1.219658552906180415e-02,-5.454582151605984891e-02,1.624642288941848811e-01,-9.979251646287784494e-02,-8.090488682785962338e-02,-2.160855540924426152e-02,-1.130788141667892627e-01,-7.189813063925976078e-02,-2.083863636896602090e-01,-2.692401647297895662e-02
-1.364998271057357715e-02,-1.278659051387654733e-01,-3.743919801959896126e-02,-1.586889560266505073e-01,1.640972751776336239e-02,9.790829291663602149e-03,6.447590820050008373e-03,1.686629163518515440e-01,2.278336472843398366e-02,-5.540355869504914182e-02,1.498281212015493968e-01,-1.044130208778324548e-01,-3.990345055467389018e-02,-2.145343771299383986e-02,-1.187143755352956381e-01,-9.141504753324217192e-02,-2.005476636774497223e-01,-2.924160252022483392e-02
-1.258004466931061070e-02,-1.595023400716561734e-01,-3.505966185799067047e-02,-9.454251500726114366e-02,1.371636535068930865e-02,5.686419674606325164e-02,6.932315416059085800e-02,1.831415993511407991e-01,2.899230828118829276e-02,-5.112673184688241307e-02,1.257324551173920890e-01,-1.021582116688651565e-01,2.711825968273921719e-03,-2.053349205995909713e-02,-1.199954465430436018e-01,-1.075465524076047175e-01,-1.906783017043066630e-01,-3.101629804474306806e-02
-5.101515523189120542e-03,-1.578255322417331519e-01,-2.494844600577682606e-02,-1.257357628135186839e-02,7.178437823104242069e-03,9.579338408194611187e-02,1.219143987760962777e-01,1.759512562102139022e-01,2.976279166682158431e-02,-4.453103178289202768e-02,9.348996076292227786e-02,-9.455387848253304917e-02,4.484301163236516230e-02,-1.764963978273013240e-02,-1.163319061924833614e-01,-1.186809983886740888e-01,-1.791246217314777789e-01,-3.236437847023131142e-02
2.886962811830607375e-03,-1.203352350338757620e-01,-9.474421867870912520e-03,6.844574434540852403e-02,1.536007546002191417e-03,1.190153787573945271e-01,1.532294104803490209e-01,1.509673360144378751e-01,2.724506483885208441e-02,-3.640177936014628995e-02,5.729689121012744579e-02,-8.197422680752075586e-02,8.356659436365124205e-02,-1.397023817217013519e-02,-1.090659455291081159e-01,-1.254211293652761627e-01,-1.670441447398273715e-01,-3.298744326055526310e-02
1.184864956130013414e-02,-5.753026191180427712e-02,9.735393582668835227e-03,1.286509807463856736e-01,-3.556357679746343422e-03,1.247145687132910075e-01,1.621346680963896558e-01,1.145279467551192643e-01,2.133518563075047225e-02,-2.667609576603792096e-02,1.870548760897480789e-02,-6.571007951122488644e-02,1.146212723578099169e-01,-9.764446778231728602e-03,-9.984267208595089260e-02,-1.281665607884074354e-01,-1.550920870782535876e-01,-3.319930921402062390e-02
1.693450113453304900e-02,9.810940414210092206e-03,2.665773276058621202e-02,1.629550764205848212e-01,-8.692812399782779212e-03,1.168783527501206509e-01,1.527962303133161004e-01,7.169487674655296294e-02,1.604926526269378692e-02,-1.714682471713077291e-02,-1.702479745184213439e-02,-4.696542017023780380e-02,1.377203673469253320e-01,-5.391128621080574362e-03,-9.065748781915096421e-02,-1.277900977382843140e-01,-1.437751652217590659e-01,-3.282610438461542463e-02
1.701531102699823175e-02,7.000563059783906916e-02,3.869621558535190492e-02,1.714971684594421564e-01,-1.328037422319026072e-02,9.935788864056749325e-02,1.316849594363751763e-01,2.962366958243801279e-02,1.077816829736815731e-02,-7.811167936654392005e-03,-4.817721561582809925e-02,-2.964149682219325427e-02,1.535329764662055618e-01,-2.079256960532501440e-03,-8.191603114874453084e-02,-1.252458565293272374e-01,-1.330172435284233123e-01,-3.208929570029962069e-02
1.152648239798008400e-02,1.141932276810559699e-01,4.604883354253324484e-02,1.619501556173311707e-01,-1.662662403394974189e-02,7.762874356451328339e-02,1.018526807511308530e-01,-7.058601346770540519e-03,5.752735959320260523e-03,5.976650381267256716e-04,-7.312369403152182978e-02,-1.376104833802933858e-02,1.631512304025324323e-01,1.799830265185144499e-04,-7.281085580753685060e-02,-1.215908868882098065e-01,-1.233384024871616441e-01,-3.112215492699463640e-02
4.541232284595086294e-03,1.414335041629581902e-01,4.701778833716275391e-02,1.375644050828821741e-01,-1.614600604695320962e-02,5.356485150125667866e-02,6.741231419872850683e-02,-3.861308805572050140e-02,2.701198174209766111e-03,6.755847748243069655e-03,-9.154261433309883456e-02,1.219313190009985691e-03,1.675035560350524866e-01,2.268317965169942829e-03,-6.452963322488763920e-02,-1.171049958268604863e-01,-1.142244596217159153e-01,-2.983397604683387175e-02
-2.985383814961519149e-03,1.497145613330019831e-01,4.393222909600054404e-02,1.044482277665244457e-01,-1.661460822215694855e-02,2.755590432371093218e-02,3.268014753750093926e-02,-6.497360756526841807e-02,-1.331001772577472813e-04,1.166942629442349437e-02,-1.053606207577650333e-01,1.424411433384092408e-02,1.680550802231692564e-01,4.144520548962206917e-03,-5.770716135013388010e-02,-1.126321738627994035e-01,-1.062237549139204013e-01,-2.842606875714486295e-02
-9.527180840290448011e-03,1.452786698667382637e-01,3.744461169023224900e-02,6.827149101403658105e-02,-1.729439323041488327e-02,3.640901833784963588e-03,1.031659475920906725e-03,-8.509711617980741938e-02,-2.418561972199666319e-03,1.483670304843332302e-02,-1.149937520618727754e-01,2.406849964822924473e-02,1.659406993134081021e-01,5.708996248732124343e-03,-5.161459565364125840e-02,-1.081238157293294283e-01,-9.884866031028845257e-02,-2.711541970005693428e-02
-1.445057696600606824e-02,1.266813481904994487e-01,2.913914346815282483e-02,3.041107890904559338e-02,-1.498438519929076555e-02,-1.729831890358154295e-02,-2.588463371109975958e-02,-9.869262724215725757e-02,-4.936903753148216834e-03,1.741053017526218716e-02,-1.193088195790111827e-01,3.038832315761182123e-02,1.627131742173429652e-01,6.711338783632645605e-03,-4.643967367496001225e-02,-1.029275851097956607e-01,-9.227173785865282196e-02,-2.596920985083108618e-02
-1.494278668287251505e-02,1.015641346930490907e-01,2.138640048882563954e-02,-3.098353738675731130e-03,-1.015335218723446668e-02,-3.253963406692749610e-02,-4.609341174251577883e-02,-1.053349938213453685e-01,-6.848762241806476310e-03,1.950332110231622895e-02,-1.191826974629069807e-01,3.341676641553242150e-02,1.570530332089102588e-01,7.243365056645090401e-03,-4.242765205371100412e-02,-9.765403539919256803e-02,-8.647296722663035118e-02,-2.479779251273174154e-02
-1.539766273789125450e-02,7.248492704856428215e-02,1.101871160530976980e-02,-3.595523365066429639e-02,-5.094274059277024459e-03,-4.536765827396067180e-02,-6.289388308754646773e-02,-1.093957023542171808e-01,-9.019693448728948598e-03,2.063072165292726898e-02,-1.172384456887093362e-01,3.575734119991162696e-02,1.498620640785099933e-01,7.168891073957608419e-03,-3.830352212174678583e-02,-9.223904410249098018e-02,-8.084861748479400811e-02,-2.360638828441297132e-02
-1.339613604880633344e-02,4.176276154779975242e-02,-4.202452545813041297e-05,-6.262189806413308302e-02,-1.140323786196141770e-03,-5.518315625216626413e-02,-7.500553623803950243e-02,-1.090021869427202222e-01,-1.118281398685997373e-02,2.108195656291171616e-02,-1.134343482131861397e-01,3.745289365405091858e-02,1.420267776263419712e-01,6.522202881092614181e-03,-3.441860246983807770e-02,-8.646442812100446629e-02,-7.539355252561580345e-02,-2.232936039120057489e-02
-9.117785937003179686e-03,1.056423832843741278e-02,-1.042003567034465242e-02,-8.568183720283628624e-02,2.701787219130416268e-03,-6.416233329846322830e-02,-8.424349401195073417e-02,-1.073462056256245106e-01,-1.324272175774846190e-02,2.115345717203990367e-02,-1.094072640725183426e-01,3.851180457423974274e-02,1.343981433424099869e-01,5.669452456508139622e-03,-3.082030608792031556e-02,-8.070257901678785928e-02,-6.998891086374961490e-02,-2.099255837977057754e-02
-4.241124962345761869e-03,-2.186352267842561065e-02,-2.006358119322715697e-02,-1.052268296262897085e-01,5.709172019423239264e-03,-7.231676552503614464e-02,-9.164030578571763508e-02,-1.056853749583905738e-01,-1.463583483615948921e-02,2.095752756421275648e-02,-1.037225947376421986e-01,3.921634124650869024e-02,1.268243934251303551e-01,5.001342866694419124e-03,-2.749120239433910581e-02,-7.496343350736990596e-02,-6.455877496951148431e-02,-1.957905908946287396e-02
-2.303924684106290767e-04,-5.089377388387800183e-02,-2.712838601486108198e-02,-1.195553669224766330e-01,8.150072432192996194e-03,-7.704945567152679531e-02,-9.539911650445589975e-02,-1.019456095815169244e-01,-1.517222978878414799e-02,2.013597628664344497e-02,-9.646150502941386318e-02,3.951118695130318575e-02,1.183827086756575747e-01,4.454987590879064090e-03,-2.437140145826320603e-02,-6.917935651692813659e-02,-5.944024903005660360e-02,-1.817742778834757766e-02
2.635103851268144701e-03,-7.618611419400699025e-02,-3.216112496811852905e-02,-1.311768328300973174e-01,9.871464845340191877e-03,-7.929944775988340133e-02,-9.719070242912677959e-02,-9.677952361402823722e-02,-1.576630044975926154e-02,1.936788432010594016e-02,-8.869945314625377053e-02,4.000154567810047107e-02,1.100152591431302757e-01,3.895521958388747149e-03,-2.123051077023684410e-02,-6.386053185731319082e-02,-5.469992950557039935e-02,-1.688347409393871346e-02
4.253645988997009630e-03,-9.702291322919992522e-02,-3.601913118410060566e-02,-1.395169093465122856e-01,1.100867162718619820e-02,-7.918943398572267367e-02,-9.674646213972605546e-02,-8.992855398893756513e-02,-1.621206614876296442e-02,1.896225452820927970e-02,-8.129786835691778235e-02,4.069493676190653192e-02,1.012402003959316094e-01,3.384523353058087065e-03,-1.810207225633299333e-02,-5.837150045819184535e-02,-4.988742089541296776e-02,-1.562266767251263046e-02
4.662339585249270640e-03,-1.109368520982940975e-01,-3.740336962154541811e-02,-1.434445344778239595e-01,1.208903688026906516e-02,-7.774395853295608394e-02,-9.587676965223573822e-02,-8.230217067421329025e-02,-1.551092966733386841e-02,1.861368082768234677e-02,-7.418536863019964400e-02,4.033719751519078411e-02,9.271073263997157976e-02,2.696903582108730203e-03,-1.528429663492827939e-02,-5.316144070989384934e-02,-4.541247452835682485e-02,-1.444713300018237237e-02
4.115517236193958449e-03,-1.184327246865021360e-01,-3.733578867895134823e-02,-1.415429132094243592e-01,1.219009276467551868e-02,-7.403524432973819513e-02,-9.221296736315097442e-02,-7.372582666491998837e-02,-1.423780220980522607e-02,1.819441956369808461e-02,-6.577132899747241412e-02,3.982059189460643300e-02,8.313098866050414038e-02,1.941375472077734501e-03,-1.274853946539821446e-02,-4.752852161401927705e-02,-4.089393378990612005e-02,-1.313899648420893511e-02
3.818020438319041313e-03,-1.222395663108529346e-01,-3.573346160643475766e-02,-1.354513325181791739e-01,1.167856424543261933e-02,-6.886198820016205258e-02,-8.550432615812096626e-02,-6.484979689148442916e-02,-1.199598051508975888e-02,1.818962785123308390e-02,-5.645949302678528181e-02,3.899635967868271547e-02,7.364991750859929687e-02,1.616913497198777363e-03,-1.051699764604127792e-02,-4.173320809526159109e-02,-3.628529759399758137e-02,-1.174699940704754253e-02
3.799780961308932628e-03,-1.221677859519717385e-01,-3.351243903659708451e-02,-1.267097026745286903e-01,1.067937288058414327e-02,-6.410937594763761738e-02,-7.864350079406567939e-02,-5.751859252744163237e-02,-9.855278671725043946e-03,1.783386442424785001e-02,-4.827965911679479166e-02,3.749012431190689582e-02,6.554126025141414347e-02,1.238187619469821761e-03,-9.127531549099952499e-03,-3.664924441100697594e-02,-3.232734430714063328e-02,-1.046523732481186193e-02
4.069032149743397574e-03,-1.173359556722645136e-01,-3.063253066558517534e-02,-1.145323244339686714e-01,1.032697902657248208e-02,-5.825281194895730319e-02,-7.149145801644776754e-02,-5.080870885666685655e-02,-8.477586581787767764e-03,1.654458446537465655e-02,-4.110673683942978052e-02,3.521933700563208147e-02,5.799039303165914871e-02,5.748229933093174007e-04,-7.682614413266908478e-03,-3.229983840250113397e-02,-2.875227540859843015e-02,-9.275002503687432981e-03
4.938954850361488430e-03,-1.078351637601484420e-01,-2.668830417696637161e-02,-1.009998159441866106e-01,9.416113537870996267e-03,-5.161668154562270433e-02,-6.283675515168062053e-02,-4.352663809328285310e-02,-6.761362926621573670e-03,1.536690313659067227e-02,-3.458729492101639269e-02,3.300887115038685787e-02,5.059667364196829276e-02,2.409294716340654033e-04,-6.242946042781011458e-03,-2.829738762981516900e-02,-2.520745886234136701e-02,-8.050698054507055348e-03
4.590573119194050165e-03,-9.633554159922383398e-02,-2.385479325418798924e-02,-8.586675632835009953e-02,7.797672576390668985e-03,-4.342131156731054292e-02,-5.419846062643901563e-02,-3.536175380719067118e-02,-4.933470642160877988e-03,1.400934614249394437e-02,-2.793566002322846187e-02,3.119302666989482234e-02,4.277843198816411174e-02,1.494427828002323872e-04,-4.445077434726955358e-03,-2.415744263804397995e-02,-2.147958958201151916e-02,-6.760819428368038467e-03
4.265799066390669678e-03,-8.418735169659374851e-02,-2.078789836125053900e-02,-7.171663202431756423e-02,6.550509808281883631e-03,-3.586765802770243428e-02,-4.563544593882313399e-02,-2.801490326872062286e-02,-3.262751601687119765e-03,1.238341773836558815e-02,-2.160393476913343228e-02,2.863790300574601405e-02,3.526769776058213263e-02,7.990205451705563260e-05,-2.746717520279981940e-03,-2.008846875348654915e-02,-1.795281689063681421e-02,-5.623019686550862969e-03
4.526461812208060209e-03,-7.148810640253348836e-02,-1.724276061057229692e-02,-5.926588918265781464e-02,5.878075557855531701e-03,-2.898045733980790170e-02,-3.740870713586232077e-02,-2.112710627420999118e-02,-1.608586978776273095e-03,1.090923206437759488e-02,-1.572670925175232923e-02,2.634894988823971787e-02,2.840707759209131628e-02,1.681052278997197840e-04,-1.282674224087012758e-03,-1.630197574354213738e-02,-1.456615152780382609e-02,-4.491074956483603539e-03
4.140354495180596783e-03,-5.911507381697592156e-02,-1.317007911424902290e-02,-4.615013101306754406e-02,4.639521067150302429e-03,-2.325474044061488429e-02,-2.989009993774257787e-02,-1.428632730866006076e-02,1.143974551871149251e-05,9.763355802247217913e-03,-1.092617872530408409e-02,2.383004072578670876e-02,2.198870775585645351e-02,5.289093189732729664e-04,-1.255755419050888120e-04,-1.293804520459532724e-02,-1.143459733799004514e-02,-3.359619497212861915e-03
3.332722358366719314e-03,-4.741889378721277082e-02,-9.656303085913524320e-03,-3.278168946048690829e-02,3.506307182409117065e-03,-1.768327556177163098e-02,-2.336955201159357856e-02,-8.337477804710937898e-03,1.117847423284339808e-03,8.562221362892219814e-03,-6.759582450466249462e-03,2.086729013282375908e-02,1.611228129039481843e-02,8.742073203730898199e-04,8.570019953974990484e-04,-9.957016446108357677e-03,-8.694021719287745378e-03,-2.376411470961306560e-03
2.687174015533767054e-03,-3.650136092694720308e-02,-7.054992603318680118e-03,-2.141865268941364406e-02,2.467286791964784076e-03,-1.265101417869367306e-02,-1.802610567357252822e-02,-3.906422552976370095e-03,1.608094280734381288e-03,7.111927859219655153e-03,-3.458609329798286846e-03,1.752378558895683128e-02,1.142905993983533292e-02,1.049339277087159034e-03,1.462266788056553867e-03,-7.586502758044622041e-03,-6.510831154655537419e-03,-1.619491256880710526e-03
2.094831543477928583e-03,-2.561212326524882343e-02,-4.596849272350908393e-03,-1.121701135857063047e-02,1.407153215756373451e-03,-8.263487564532448482e-03,-1.277082079929900763e-02,-9.909887642768114811e-04,1.952979298800578117e-03,5.642326606277288381e-03,-8.579967837190061175e-04,1.435098339715588055e-02,7.530610055014788813e-03,1.061402893148960308e-03,1.595382495873407446e-03,-5.818562546260376556e-03,-4.578476921028007927e-03,-9.489714313904964093e-04
1.954393198454656803e-03,-1.651477285219498173e-02,-3.016966296318881156e-03,-5.049334443120960005e-03,1.050497478303372666e-03,-5.235778056353861641e-03,-8.292846496821807203e-03,4.035804058724581011e-04,1.664195980297025453e-03,3.974719678329131402e-03,6.464288408059494940e-04,1.096028514819823683e-02,4.729929194444955701e-03,7.879077572048173109e-04,1.416856844261281737e-03,-4.141447289297574101e-03,-2.977309426412453122e-03,-5.257252769736433465e-04
1.243238974234644372e-03,-9.866160533383136824e-03,-1.880549525539727644e-03,-2.307297372399669082e-03,7.231114830707120354e-04,-3.099305868604623673e-03,-5.218839546780595050e-03,7.117837846190762114e-04,1.144008230374765015e-03,2.561026255827797415e-03,8.480320121453305054e-04,7.362663032787385847e-03,2.787861276085719809e-03,4.660563050530330841e-04,1.049434353655158024e-03,-2.690292935154438205e-03,-1.872681515202638753e-03,-3.035001323809107627e-04
6.012496700250702462e-04,-3.990768916458099953e-03,-9.378265448173507416e-04,-4.803425775058555586e-04,4.133322672783908591e-04,-1.194035847378509133e-03,-2.344293238967886609e-03,6.389597055636675287e-04,6.602894783309455921e-04,1.163338627076490649e-03,5.694072863671788493e-04,3.667991051252507666e-03,1.238120614720112592e-03,2.583798451668793401e-04,5.422385815893375699e-04,-1.302717101183355208e-03,-8.772882010050943443e-04,-1.504659337574261067e-04
9.704537951918783643e-17,-3.825959498218500964e-17,-5.917013022044679472e-17,1.878772342786972109e-17,1.140187520581641392e-16,2.149267840450952309e-17,-3.622447785420214054e-17,-8.845948435905496984e-18,4.907541279344033864e-17,-4.112066246875563632e-17,-3.652765516636510940e-17,-3.288132321716110937e-17,-2.144504807088608026e-17,5.398823198814995680e-17,2.688717615486193978e-17,-2.404197696682330763e-17,-5.743734155906132184e-18,1.794888870000511793e-17
